ref,nome,tags_seo,produtos_similares_ref,descritivo_do_produto,composi_o,altura,largura,profundidade,category,stock,price,peso,url
SDJ01,"Je m'Aime","Kit, Beleza, Produto de Beleza, Curadoria de Beleza, Presente, Produto Nacional e Beleza","SDJ02,SDJ03,SDJ04,SDJ08,SDJ09,","Todo o amor e cuidado do mundo. De mim para mim!","* Cesto de fibras naturais
* After Sun Be Plus Natural Care
* Açúcar de banho Lavanda e Camomila Olea Saboaria
* Escova de cabelo de madeira
* Faixa de cabelo para tratamento de beauté
* Tag de coração em couro Abbia
* Coffe Scrub Be Plus Natural Care
* Espátulas de beleza
* Barra Citrus Cúrcuma Olea Saboaria

",24,30,30,"SacDuJour,Curiosidades e Kits,Novidade",1,"559,62","1,5",https://abbiacasa.com.br/import-image/SDJ01.jpg
SDJ02,Riviera,"Kit, Beleza, Produto de Beleza, Curadoria de Beleza, Presente, Produto Nacional e Beleza","SDJ01,SDJ03,SDJ04,SDJ06,SDJ08,","Como um banho de sol para aquecer o corpo e a alma!","* Chá Organe
* Escova de dentes de madeira
* Lixa de madeira ecológica
* Sabonete de arroz e aveia Videira
* Bowl de metal esmaltado
* Água Funcional Olea Saboaria 
",7,30,30,"SacDuJour,Curiosidades e Kits,Novidade",1,"455,10","1,1",https://abbiacasa.com.br/import-image/SDJ02.jpg
SDJ03,Marseille,"Kit, Beleza, Produto de Beleza, Curadoria de Beleza, Presente, Produto Nacional e Beleza","SDJ01,SDJ02,SDJ04,SDJ06,SDJ08,","Um toque inspirador e delicado de Provence.","* Cerâmica Folha
* Gargantilha Letras banhada a ouro
* Barra Citrus Cúrcuma Olea Saboaria
* Caixa Vendôme
* Xícara de porcelana
* Sabonete líquido facial Vitamina C Be Plus Natural Care
* Home Spray Flor de Cerejeira The Candle Store
",20,26,30,"SacDuJour,Curiosidades e Kits,Novidade",1,"507,50","1,5",https://abbiacasa.com.br/import-image/SDJ03.jpg
SDJ04,"Love 2 Love","Kit, Itens para a Casa, Presente, Produto Nacional, Aroma para a Casa, Decoração","SDJ02,SDJ06,SDJ08,SDJ09,SDJ10","Perfeito para dar um boost poderoso de amor e autocuidado.","* Caixa de fósforos
* Vela aromática Cereja Negra e Peônea The Candle Store 
* Cesto de fibras naturais
* Pássaro em pedra
* Home Spray Flor de Cerejeira e Pamplemousse The Candle Store
* Tag de mala em couro Abbia
",15,32,32,"SacDuJour,Curiosidades e Kits,Novidade",1,"527,40","1,5",https://abbiacasa.com.br/import-image/SDJ04.jpg
SDJ05,"Confort Kitchen","Kit, Presente, Itens para a Cozinha, Objetos para Cozinha, Produtos para Decoração da Cozinha, Utilitário","SDJ01,SDJ02,SDJ03,SDJ07,SDJ10","Seleção de produtos especiais para levantar o astral da sua cozinha.","* Bowl de bambu 
* Pegador de madeira
* Fouet
* Pano de prato de algodão
* Potinho e pilão de pedra
* Bloco de notas para receitas
* Garrafa de água em vidro 
* Jogo de colheres de pau
* Bandeja para aperitivo em bambu

",22,50,43,"SacDuJour,Curiosidades e Kits,Novidade",1,"851,00",4,https://abbiacasa.com.br/import-image/SDJ05.jpg
SDJ06,"Sun Delight","Kit, Beleza, Produto de Beleza, Curadoria de Beleza, Presente, Produto Nacional e Aroma para a Casa","SDJ01,SDJ02,SDJ03,SDJ04,SDJ09,","Sucesso absoluto para recarregar as energias e sorrir à toa.","* Aromatizador de ambientes Wild Lemon Grass Therapy
* Bandeja Creta
* Vela perfumada Rainforest Therapy
* Caixa Vendôme
* Sabonete líquido para mãos Videira
",20,30,23,"SacDuJour,Curiosidades e Kits,Novidade",1,"907,10","4,100",https://abbiacasa.com.br/import-image/SDJ06.jpg
SDJ07,"Weekend Bliss","Kit, Presente, Itens para a Cozinha, Objeto para Cozinha, Produtos para Decoração da Cozinha, Utilitário","SDJ01,SDJ05,SDJ06,SDJ09,SDJ10","Equipar a cozinha e receber amigos vai fazer seu fim de semana perfeito.","* Bolsa Eco - Abbia
* Garrafa de água em vidro
* Abridor de garrafas
* Tábua de madeira 
* Set de cerâmica Trevo
* Espremedor de frutas Cottage
* Paninho biodegradável para limpeza
* Pratinhos para aperitivo em bambu 
* Pegador de madeira
* Escumadeira de madeira

",54,42,20,"SacDuJour,Curiosidades e Kits,Novidade",1,"1 467,90","3,326",https://abbiacasa.com.br/import-image/SDJ07.jpg
SDJ08,"Bela da Tarde","Kit, Beleza, Produtos de Beleza, Curadoria de Beleza, Presente, Produto Nacional ","SDJ01,SDJ02,SDJ03,SDJ06,SDJ08","Experiência de um spa só seu, onde você quiser! ","* Máscara de argila verde Be Plus Natural Care
* Bucha orgânica para banho
* Organe Chá Funcional
* Colher de pau
* Disco de bucha natural 
* Bowl de madeira
* Bucha esfoliadora orgânica
* Hidratante corporal Skin Savior Be Plus Natural Care
* Barra de carvão ativado vegetal Olea Saboaria
* Scrub de café Be Plus Natural Care
* Tônico para o rosto e corpo de alecrim orgânico Olea Saboaria

",24,30,30,"SacDuJour,Curiosidades e Kits,Novidade",1,"728,00","2,200",https://abbiacasa.com.br/import-image/SDJ08.jpg
SDJ09,"Positive Vibes","Kit, Presente, Perfume Autoral, Perfume, Acessório, Brinco, Brinco de Design Nacional, Carteira, Carteira em couro","SDJ01,SDJ03,SDJ04,SDJ06,SDJ08,","Você merece, sim! Produtos incríveis e seu astral nas alturas.","* Hidratante para mãos Videira
* Caixa Vendôme
* Eau de parfum Figorativo L’Envie
* Carteira em couro Mini - Abbia
* Brinco Blossom
* Óleo facial, corporal e capilar Videira",25,25,25,"SacDuJour,Curiosidades e Kits,Novidade",1,"1 065,50","1,5",https://abbiacasa.com.br/import-image/SDJ09.jpg
SDJ10,"Equilíbrio Spa","Kit, Presente, Bem estar, Wellness, Produto Naturail, Utilitário","SDJ04,SDJ05,SDJ06,SDJ07,SDJ010","Este é o melhor aliado para colocar tudo em harmonia!","* Par de xícaras em porcelana
* Tag em couro Abbia
* Chaleira
* Pratinho de bambu
* Organe Chá Funcional
* Bandeja Gaiola
",23,50,30,"SacDuJour,Curiosidades e Kits,Novidade",1,"655,66","1,5",https://abbiacasa.com.br/import-image/SDJ10.jpg
BEA01,"Esfoliante Natural de Café","Produto de Beleza, Esfoliante, Esfoliante para Rosto, Esfoliante para Corpo, Esfoliante Natural, esfoliante de Café, Livre de Crueldade Animal","BEA08,BA09,BA19,BA20,BA21,","Boa pedida para retirar a camada de células mortas que impede a respiração e hidratação da pele. Assim, ela fica luxuosamente macia, limpa e com aspecto saudável. Esse esfoliante mágico também ajuda a polir cicatrizes, estrias e celulites, além de auxiliar a circulação e combater os radicais livres. Contém FPS contra os raios ultravioleta. ","Sucrose, isopropyl palmitate, coffea arabica seed powder, triticum vulgare germ oil, orbignya oleifera seed oil.",7,7,7,"Beauté,Rosto e Corpo",9,"67,50","0,300",https://abbiacasa.com.br/import-image/BEA01.jpg
BEA02,"Condicionador Sólido de Lavanda","Condicionador, Produto para Cabelo, Condicionador Sólido, Condicionador de Lavanda, Condicionador Natural, Produto Livre de Crueldade Animal","BEA03,BA05,BA19,BA26,BA27","Um must-have para quem sofre de queda de cabelos ou quer mantê-los longos e saudáveis, porque estimula o crescimento de células novas. Feito com óleos essenciais de lavanda e óleo de oliva, dá um look glamouroso, cheio de volume e fácil de modelar. 80 mg

Não testado em animais. Sem Sulfatos. Sem Parabenos. Sem Petrolatos. Sem Fragrâncias Artificiais. Sem Liberadores De Formol. Sem Bht, Bha, Edta. Sem Corantes Sintéticos
","FORA DE LINHA - CONFIRMAR",3,7,7,"Beauté,Cabelo",9,"42,21","0,300",https://abbiacasa.com.br/import-image/BEA02.jpg
BEA03,"Shampoo Sólido de Lavanda","Shampoo, Produto para Cabelo, Shampoo Sólido,  Shampoo de Lavanda, Shampoo Natural, Produto Livre de Crueldade Animal","BEA02,BA05,BA19,BA26,BA27","Além de limpar, é um herói no combate à oleosidade e à caspa. Funciona como um agente de detox poderoso, porque absorve impurezas e toxinas armazenadas nos fios há um tempão, mas você nem imaginava.
É amor para a vida toda. 


Não testado em animais. Sem Sulfatos. Sem Parabenos. Sem Petrolatos. Sem Fragrâncias Artificiais. Sem Liberadores De Formol. Sem Bht, Bha, Edta. Sem Corantes Sintéticos.
","FORA DE LINHA - CONFIRMAR",3,7,7,"Beauté,Cabelo",10,"42,21","0,300",https://abbiacasa.com.br/import-image/BEA03.jpg
BEA04,"After Sun - Hidratante Spray Pós Sol com Vitamina C","Spray Pós Sol, Hidratante pós sol, Hidratante com Vitamina C, Produto Natural, Produto Livre de Crueldade Animal","BA05,BA06,BA07,BA19,BA26","Spray com vitamina C para ser usado tanto depois do sol quanto no dia-a-dia. Ultra refrescante, combina ativos que nutrem, acalmam e combatem o envelhecimento precoce. Também alivia a pele exposta ao calor e solão em excesso, além de levar FPS na fórmula.
Dica Abbia: mantenha refrigerado para usá-lo geladinho!
","Aqua, aloe barbadensis leaf extract, hamamelis virginiana extract, sodium benzoate / potassium sorbate, cocos nucifera oil, citrus aurantium dulcis peel oil, lavandula angustifolia oil, peg-40.",13,7,3,"Beauté,Rosto e Corpo",10,"121,50","0,300",https://abbiacasa.com.br/import-image/BEA04.jpg
BEA05,"Sea Mist Spray","Hidratante, Hidratante para Pele, Hidratante para Cabelo, Spray Hidratante para a pele, Spray Hidratante para Cabelo, Produto natural, Produto Livre de Crueldade Animal","BA02,BEA03,BEA04,BEA06,BEA07,","Nada como um look saudável de praia, não é mesmo?
Formulado com ingredientes que nutrem, refrescam, acalmam e ainda dão um efeito maravilhoso de natural beachy hair - ondulado, volumoso...e sexy!
Super prático, é ótimo também para o corpo, porque ajuda a restaurar a pele e os cabelos. Energia pura!
","Aqua, sorbitol, sodium chloride, aloe barbadensis leaf extract, cocos nucifera oil, peg-40, sodium benzoate / potassium sorbate, cymbopogon flexuosos oil.",13,7,3,"Beauté,Rosto e Cabelo",10,"121,50","0,300",https://abbiacasa.com.br/import-image/BEA05.jpg
BEA06,"Hidratante Natural Vegan de Óleo de Coco Macadâmia","Hidratante para a pele, Hidratante para o Rosto, Hidratante Antialérgico, Hidratante de Coco, Hidratante Natural, Produto Livre de Crueladade Animal","BEA04,BEA05,BEA07,BEA08,BA09","Prepare-se para se apaixonar. Com efeitos que você nota em ou dois minutinhos, é uma maravilha para combater os agentes oxidantes e o envelhecimento, além de dar um boost de nutrientes para a pele e te ajudar a combater estrias e manchinhas. 
Pode ser usado com seus produtos favoritos porque não tem fragrâncias.

150 ml
","Citric acid, aqua, aminomethyl propanol, carbomer, dibutyl adipate, methylchloroisothiazolinone and methylisothiazolinone, cetearyl alcohol (and) glyceryl stearate / potassium hydroxide (and) stearic acid (and) sodium cocoyl glutamate, orbignya oleifera seed oil, triticum vulgare germ oil, sorbitol, soybean glycerides / shea butter unsaponifiables, macadamia ternifolia seed oil.",20,5,4,"Beauté,Rosto e Corpo",6,"82,80","0,300",https://abbiacasa.com.br/import-image/BEA06.jpg
BEA07,"Sabonete Facial Vitamina C","Sabonete, Sabonete Facial de Vitamina C, Produto de Beleza Anti-idade, Produto Facial Clareador, Produto Natural, Produto Livre de Crueladade Animal","BEA04,BEA05,BEA17,BEA18,BA23","Limpeza regeneradora e delicada para usar no rosto e no corpo, tem aquele aroma delicioso e cítrico de laranja.
Riquíssimo em vitamina C, previne e combate o envelhecimento, é um super aliado para fortalecer, proteger, clarear, dar viço...e aquele visual de pele bem tratada que todos nós simplesmente amamos.
120 ml
","PRODUTO FORA DE LINHA  - CONFIRMAR",13,5,5,"Beauté,Rosto e Corpo",10,"76,50","0,300",https://abbiacasa.com.br/import-image/BEA07.jpg
BEA08,"Argila Verde Natural","Argila, Argila Verde Natural, Argila para Corpo e Rosto, Argila Hidratante, Produto Natural, Produto Livre de Crueladade Animal","BEA01,BEA06,BEA09,BEA19,BEA27,","A Green Clay é uma máscara de argila verde que faz maravilhas para limpar profundamente e remover o excesso de oleosidade da pele, manter seu Ph natural e fechar os poros. Tudo de uma vez só! 
Com ação imediata, é indicada também para peles oleosas e acnéicas.



",Kaolin,19,12,2,"Beauté,Rosto, Corpo e Couro Cabeludo",8,"49,50","0,300",https://abbiacasa.com.br/import-image/BEA08.jpg
BEA09,"Argila Branca Natural","Argila, Argila Branca Natural, Argila para Corpo e Rosto, Argila Hidratante, Produto Natural, Produto Livre de Crueladade Animal","BEA01,BEA06,BEA08,BEA19,BEA27,","A White Clay é uma máscara de argila branca composta 100% de Caulim, mineral com propriedades divinas! Como é rico em cálcio, sílica, zinco e magnésio, tem ação detox e absorve elementos nocivos como a poluição, além de hidratar e manter o Ph natural da pele. Também é ótima para uniformizar diferenças de tonalidade, diminuir ruguinhas e flacidez.
Indicada para todos os tipos de pele, principalmente as sensíveis.

150 g

",Kaolin,9,12,2,"Beauté,Rosto, Corpo e Couro Cabeludo",10,"49,50","0,300",https://abbiacasa.com.br/import-image/BEA09.jpg
CAS01,"Sabonete Líquido para as mãos Figo Ambarado","Sabonete, Sabonete Liquido, Sabonete Liquido para  as mãos, Sabonete Liquido de Figo, Produto Livre de Crueladade Animal",",CAS02,CAS03,CA17M,BEA14,CAS70","Uma combinação sofisticada de notas de bergamota, jasmim, grapefruit, violeta,
figo, maçã vermelha, folhas de bambu e vetiver.


","Aqua, Disodium EDTA, Sodium, Laureth Sulfate, Cocamidepropyl Betaine, Polyquaternium-7, Methylchloroisothiazolinone, Methylisothiazolinone, PEG-150 Distearate, Cocamide Dea, Citric Acid, Sodium Chloride, Parfum, Benzyl Salicylate, Hexyl Cinnamal, d-Limonene.",15,8,8,"Beauté,Mãos",3,"150,80","0,540",https://abbiacasa.com.br/import-image/CAS01.jpg
CAS02,"Home Spray Figo Ambarado","Spray para o Ambiente, Home Spray, Aromatizador de Ambiente, Aroma para a Casa, Aroma para Ambientes","CAS01,CAS03,BEA14,CAS41M,CAS72","Um toque pessoal e intransferível em casa, escritório e onde mais você quiser colocar sua assinatura olfativa.


","Aqua, Alcohol, BHT, Benzophenone-3, Parfum, Alpha-Isomethyl lonone, Benzyl Salicylate, Citral, Citronelool, Coumarin, Geraniol, Hexyl Cinnamal, d- Limonene, Linalool.",20,8,5,"Casa,Sprays para o Ambiente",0,"138,00","0,300",https://abbiacasa.com.br/import-image/CAS02.jpg
CAS03,"Home Spray Lumière","Spray para o Ambiente, Home Spray, Aromatizador de Ambiente, Aroma para a Casa, Aroma para Ambientes","CAS01,CAS02,CAS06P,CAS17P,CAS73","Com um toque floral cítrico e amadeirado, e o nome já sugere tudo: é só aplicar para iluminar ambientes especiais.


","Aqua, Alcohol, Nonoxynol-9, BHT, Parfum, Buthylphenyl Methylpropional, Amyl Cinnamal, Benzyl Benzoate, Citronellol, Geraniol, Hexyl Cinnamal, Limonene, Linalool.",20,7,5,"Casa,Sprays para o Ambiente",1,"145,22","0,300",https://abbiacasa.com.br/import-image/CAS03.jpg
BEA10,"Perfume Falling Water","Perfume, Perfume Autoral, Perfumaria, Perfumaria Brasileira","BEA11,BEA12,BEA13,BEA24,BEA25","Uma combinação do lifestyle cosmopolita com a água, elemento essencial para a vida. 
Assim é o espírito desta eau de parfum, que leva notas de kiwi, folhas verdes, vetiver e Flor de Lótus. 

","Aqua, Propylene Glycol, Alcohol (organic), Parfum, Citral, Geraniol, Hydroxycitronellal, Limonene, Linalool, Methyl 2-Octynoate.
Este perfume possui componentes que podem alterar levemente sua cor, o que não compromete a qualidade do produto",12,7,7,"Beauté,Corpo",4,"219,00","0,300",https://abbiacasa.com.br/import-image/BEA10.jpg
BEA11,"Perfume San Junipero","Perfume, Perfume Autoral, Perfumaria, Perfumaria Brasileira","BEA10,BEA12,BEA13,BEA24,BEA25","São duas as matérias-primas incríveis desta fragrância magnética - bagas de zimbro e o cedro vermelho oriental, também conhecido como San Junipero. De tons suaves, a essência abre com notas picantes e finaliza com um leve bouquet floral. 

","Aqua, Propylene Glycol, Alcohol (organic), Parfum, Butylphenyl Methylpropional, Citral, Citronellol, Coumarin, Geraniol, Limonene, Linalool.
Este perfume possui componentes que podem alterar levemente sua cor, o que não compromete a qualidade do produto.",12,7,7,"Beauté,Corpo",4,"219,00","0,300",https://abbiacasa.com.br/import-image/BEA11.jpg
BEA12,"Perfume Figorativo","Perfume, Perfume Autoral, Perfumaria, Perfumaria Brasileira","BEA10,BEA11,BEA13,BEA24,BEA25","O perfume de uma figueira no sul da França foi referência para a criação dessa eau de parfum.
Notas de limão, jasmim, bergamota, cassis e outros elementos amadeirados fazem dela um hit absoluto.

","Aqua, Propylene Glycol, Alcohol (organic) Perfum, Citral, Citronellol, Geraniol, Limonene, Linalool, Água, Propileno Glicol, Álcool, (orgânico) Fragrância, Citral, Citronelol, Geraniol, Limoneno, Linalol.
Este perfume possui componentes que podem alterar levemente sua cor, o que não compromete a qualidade do produto.",12,7,7,"Beauté,Corpo",4,"219,00","0,300",https://abbiacasa.com.br/import-image/BEA12.jpg
BEA13,"Perfume Mood Indigo","Perfume, Perfume Autoral, Perfumaria, Perfumaria Brasileira","BEA10,BEA11,BEA12,BEA24,BEA25","Inspirada na eterna diva Nina Simone, essa eau de parfum representa a artista e ativista com um mix elaborado de notas de couro, melão verde, pimenta rosa, anis estrelado e hortelã. Um perfume profundo, cheio de ritmo e muita alma.

","Aqua, Propylene Glycol, Alcohol (organic), Parfum, Butylphenyl Methylpropional, Citral,
Citronellol, Coumarin, Geraniol, Limonene, Linalool.
Este perfume possui componentes que podem alterar levemente sua cor, o que não compromete a qualidade do produto.",12,7,7,"Beauté,Corpo",4,"219,00","0,300",https://abbiacasa.com.br/import-image/BEA13.jpg
BEA14,"Creme para Mãos e Corpo Lumière","Creme, Creme Hidratante, Creme Hidratante para as Mãos, Creme Hidratante para o Corpo, Produto Livre de Crueladade Animal","CAS01,CAS02,CAS03,BEA24,BEA25,","Com um toque floral cítrico e amadeirado, o nome já diz tudo: um perfume iluminado e super rico dá vida a este creme. Leva notas de mandarina italiana, pêra, nêspera, Ylang-Ylang e magnólia.

","Aqua, Carbomer, Glycerin, Propylene Glycol, Ceteraryl Alcohol, Cetyl Alcohol, Ceterareth-20, Isopropyl Myristate, Butyrospermum Parkii Butter, Aminomethyl Propanol, Triclosan, Dimethicone, Phenoxyethanol, Disodium EDTA, Parfum, Butylphenyl Methylpropional, Benzyl Benzoate, Citronellol, Hexyl Cinnamal, Limonene, Linalool.",18,7,7,"Beauté,Corpo",3,"152,00","0,585",https://abbiacasa.com.br/import-image/BEA14.jpg
BEA15,"Saboneteira Natural de Bambu (pequena)","Saboneteira, Saboneteira em Bambu, Saboneteira Natural de Bambu, Suporte para Sabonete, Produto Livre de Crueladade Animal","BEA16,BA20,BEA21,BEA22,BEA26","Feita em bambu e impermeabilizada com cera de carnaúba, mantém a barra de sabão natural longe da água, aumentando a durabilidade. ","Saboneteira produzida em bambu impermeabilizado com cera de carnaúba.",2,9,8,"Beauté,Acessórios",5,"31,50",13,https://abbiacasa.com.br/import-image/BEA15.jpg
BEA16,"Saboneteira Natural de Bambu (grande)","Saboneteira, Saboneteira em Bambu, Saboneteira Natural de Bambu, Suporte para Sabonete, Produto Livre de Crueladade Animal","BEA15,BEA20,BEA21,BEA22,BEA26","Feita em bambu e impermeabilizada com cera de carnaúba, mantém a barra de sabão natural longe da água, aumentando a durabilidade. ","Saboneteira produzida em bambu impermeabilizado com cera de carnaúba.",14,9,2,"Beauté,Acessórios",1,"52,00",30,https://abbiacasa.com.br/import-image/BEA16.jpg
BEA17,"Água Funcional","Hidratante pós sol, Tônico para o Rosto, Tônico Natural para o Rosto, Tônico Calmante, Tônico Calmante para o Rosto, Produto Livre de Crueladade Animal",",BEA05,BEA06,BEA07,BEA18,BEA27","Feita com base de Hidrolatos Orgânicos de Alpinia e Capim Limão, ajuda no equilíbrio do humor e fortalece a autoestima. É uma maravilha para tranquilizar o sistema nervoso central, ou seja: alivia o estresse, a ansiedade e melhora a qualidade do sono.
É também um hidratante pós-sol, e mantém a pele fresquinha e tonificada.

","Alpinia e capim limão
100% natural",12,4,4,"Beauté,Rosto e Corpo",5,"58,50","0,300",https://abbiacasa.com.br/import-image/BEA17.jpg
BEA18,"Tônico de Alecrim Orgânico","Tônico, Tõnico antioxidante, Tônico antioxidante para o Rosto, Tônico para corpo, Tônico de Alecrim, ProdutoLivre de Crueladade Animal",",BEA05,BEA06,BEA07,BEA17,BEA27","Para quem prefere aromas marcantes, este tônico tem poderes incríveis. Além de ser antioxidante, ajuda a combater a queda de cabelos e mantê-los sempre lindos.
É também um grande aliado para o fortalecimento do sistema respiratório e revitalizar não só sua pele, mas suas energias essenciais.
","O Tônico de alecrim é feito com o  hidrolato de alecrim.",12,4,4,"Beauté,Rosto e Corpo",6,"44,85","0,300",https://abbiacasa.com.br/import-image/BEA18.jpg
BEA19,"Açúcar de Banho Lavanda e Camomila","Açucar de Banho, Esfoliante, Esfoliante de Lavanda e Camomila, Esfoliante para o Rosto, Esfoliante para o Corpo, Produto Livre de Crueladade Animal","BEA01,BEA06,BEA08,BEA09,BEA28","Este esfoliante deve ser usado depois do banho, como um finalizador hidratante.
Basta uma pequena porção para a pele receber os benefícios do coco, dos ativos da camomila orgânica e dos óleos essenciais.
Excelente pedida no final do dia para relaxar, revigorar o corpo e a paz de espírito.
É 100 % natural e vegano.


","Açúcar cristal orgânico, óleo de coco orgânico, flores de camomila orgânicas, Melaleuca alternifolia Leaf Oil, Lavandula Officinalis Flower Oil.
Cuidado ao manusear, embalagem de vidro.",9,6,6,"Beauté,Rosto, Corpo e Cabelo",4,"56,62","0,300",https://abbiacasa.com.br/import-image/BEA19.jpg
BEA20,"Barra Citrus Cúrcuma","Sabonete, Sabonete em Barra, Sabonete Citrus, Sabonete Cúrcuma, Produto Natural, Produto Livre de Crueladade Animal","BEA15,BEA16,BEA21,BEA22,BEA26","Aposte nesta barra por mais momentos radiantes e felizes nesta vida! Ela tem poderes antioxidantes e leva o óleo essencial de Palmarosa, que ajuda na autoestima, além de ser cicatrizante e um belo hidratante. E, para completar...óleos de laranja doce e tangerina para dar um boost no bem-estar e a cúrcuma, que limpa e desintoxica a pele.
","Elaeis Guineenses Butter, Aqua, Elaeis Guineensis, Kernel Oil, Olea Europaea Fruit Oil, Helianthus Annus (Sunflower) Seed Oil ,Theobroma Grandiflorum Seed Butter, Sodium Hydroxide, Citrus Aurantium Dulcis Peel Oil, Cymbopogon martini Oil, Citrus Reticulata Peel Oil, Rosmarinus Officinalis Leaf Extract, Curcuma Longa Root Power.

 ",3,7,6,"Beauté,Rosto, Mãos e Corpo",4,"31,20","0,300",https://abbiacasa.com.br/import-image/BEA20.jpg
BEA21,"Barra Solar Urucum","Sabonete, Sabonete em Barra, Sabonete de Urucum,  Produto Natural, Produto Livre de Crueladade Animal","BEA15,BEA16,BEA20,BEA22,BEA26","O alecrim é um poderoso antisséptico, tônico natural e, segundo a aromaterapia, fortalece o sistema circulatório, porque ajuda a transportar nutrientes e retirar toxinas da pele, vigor puro!  É um potente regenerador e calmante, e dá aquela forcinha para reequilibrar emoções, o corpo e a mente. Seu dia com wonderful vibes! 

","Elaeis Guineenses Butter, Aqua, Elaeis Guineensis, Kernel Oil, Helianthus Annus (Sunflower) Seed Oil , Sodium Hydroxide, Theobroma Grandiflorum Seed Butter, Cinnamomum Camphora Linalooliferum Wood Oil, Citrus aurantium dulcis Peel Oil, Rosmarinus Officinalis Leaf Oil, Rosmarinus Officinalis Leaf Extract, Bixa Orellana Seed Extract.",3,7,6,"Beauté,Rosto, Mãos e Corpo",4,"31,20","0,300",https://abbiacasa.com.br/import-image/BEA21.jpg
BEA22,"Barra Carvão Ativado Vegetal","Sabonete, Sabonte em Barra, Sabonete de Carvão Ativado, Produto Natural, Produto Livre de Crueladade Animal","BEA15,BEA16,BEA20,BEA21,BEA26","O Carvão Ativado é usado há milênios por suas funções desintoxicantes, não à toa: sua superfície porosa absorve as toxinas e o excesso de oleosidade, possui propriedades cicatrizantes, bactericidas e microesfoliantes.
A sinergia de óleos essências de Capim Cidreira, cedro e Ho Wood promove calma, limpeza energética do corpo, mente e espírito, um bem mais que necessário! 
","Elaeis Guineenses Butter, Aqua, Elaeis Guineensis, Kernel Oil, Olea Europaea Fruit Oil, Theobroma Grandiflorum Seed Butter, Sodium Hydroxide, Cinnamomum Camphora Linalooliferum Wood Oil, Cymbopogon Flexuosus Oil, Cedrus Atlantica Oil, Rosmarinus Officinalis Leaf Extract, Charcoal Powder.

 ",3,7,6,"Beauté,Rosto, Mãos e Corpo",4,"31,20","0,300",https://abbiacasa.com.br/import-image/BEA22.jpg
BEA23,"Óleo de Semente de Uva","Sérum, Sérum de Oleo Semente de Uva, Óleo de semente de uva, Óleo hidratante para o Rosto, Produtos Naturais, Produto Livre de Crueladade Animal","BEA05,BEA06,BEA07,BEA17,BEA18","Um hidratante natural para a pele e cabelos, enriquecido com vitaminas E, ômega 3, 6 e 9. Sua força antioxidante ajuda a suavizar rugas e pequenas linhas de expressão. No corpo, a combater estrias, flacidez e celulite. Um sonho real, não é mesmo? 
Bom para todos os tipos de pele, principalmente as desidratadas e secas.

Livre de parabenos, fragrâncias e corantes artificiais. Fórmula 100% natural, vegana e não testado em animais.

","Vitis Vinifera Seed Oil.",12,4,4,"Beauté,Rosto",3,"97,20","0,300",https://abbiacasa.com.br/import-image/BEA23.jpg
BEA24,"Hidratante de Gerânio para as Mãos e Corpo","Hidratante, Hidratante para as mãos, Hidratante de Gerânio, Hidratante para as mãos e corpo, Produto natural, Produto Livre de Crueladade Animal","BEA25,BEA14,CAS01,CAS02,CAS17P","Combinação poderosa de extratos Aloe Vera, coco, uva e manteiga de karité para repor antioxidantes e vitaminas importantes para a pele. Tem textura levinha para hidratar e renovar as células. A fragrância acalma o corpo e a alma: leva gerânio, lavanda, hortelã-pimenta e eucalipto.

Livre de parabenos, fragrâncias e corantes artificiais. Fórmula 100% natural, vegana e não testado em animais.

","Aqua, Aloe Barbadensis Extract, Vitis Vinifera Seed Oil, Tocopherol, Distarch Phosphate, Sodium Citrate, Potassium Cetyl Phosphate, Cetyl Palmitate, Cetearyl Alcohol, Glyceryl Stearate, Caprylic/Capric Triglyceride, Methylheptyl Isostearate, Ethylhexyl Palmitate, Cocos Nucifera Oil*, Butyrospermum Parkii Butter, Linum Usitatissimum Seed Oil, Vitis Vinifera Fruit Extract, Sodium PCA, Sodium Lactate, Sodium Gluconate, Pelargonium Graveolens Oil, Lavandula Officinalis Flower Oil, Mentha Piperita Oil, Glycerin, Benzyl Alcohol, Dehydroacetic Acid, Benzoic Acid, Silica, Citronellol, Geraniol, Linalool.
",18,6,6,"Beauté,Mãos",3,"153,00","0,390",https://abbiacasa.com.br/import-image/BEA24.jpg
BEA25,"Sabonete Líquido de Gerânio para as Mãos","Sabonete Liquido, Sabonete Liquido para as mãos, Sabonete Liquido de Gerânio, Produto Natural, Produto Livre de Crueladade Animal","BEA24,BEA14,CAS01,CAS02,CAS17P","Para manter suas mãos limpas e super macias! Elaborado com extratos de Aloe Vera, camomila, oliva e uva, faz uma espuma suave que purifica gentilmente. Já as notas de gerânio, hortelã-pimenta e eucalipto acalmam e elevam o seu espírito, uma boa pedida em qualquer momento do seu dia.



","Aqua, Aloe Barbadensis Extract, Vitis Vinífera Fruit Extract, Sodium PCA, Sodium Lactate, Sodium Gluconate, Chamomilla Recutita Extract, Avena Sativa Meal Extract, Glycerin, Citric Acid, Xanthan Gum, Disodium Cocoyl Glutamate, Decyl Glucoside, Sodium Lauroyl Sarcosinate, Benzyl Alcohol, Dehydroacetic Acid, Benzoic Acid, Pelargonium Graveolens Oil, Mentha Piperita Oil, Citronellol, Geraniol, Linalool.
",20,8,8,"Beauté,Mãos",4,"180,00","0,760",https://abbiacasa.com.br/import-image/BEA25.jpg
BEA26,"Sabonete de Arroz e Aveia","Sabonete, Sabonete em barra, Sabonete de Arroz e Aveia, Sabonete Anti-Idade, Produto Natural, Produto Livre de Crueladade Animal","BEA15,BEA16,BEA20,BEA21,BEA22","Uma delícia para usar todos os dias, este esfoliante e mineralizante facial tem na fórmula arroz, aveia, óleo de semente de uva e extratos de mamão e pepino. 
Anti-inflamatório e antioxidante, ajuda a prevenir o envelhecimento precoce, vermelhidão, clarear manchinhas e remover partículas poluentes. Para amar já no primeiro uso, cada barrinha é feita ã mão!

Livre de parabenos, fragrâncias e corantes artificiais. Fórmula 100% natural, vegana e não testado em animais.

","Aqua, Aloe Barbadensis Extract, Vitis Vinífera Fruit Extract, Sodium PCA, Sodium Lactate, Sodium Gluconate, Chamomilla Recutita Extract, Avena Sativa Meal Extract, Glycerin, Citric Acid, Xanthan Gum, Disodium Cocoyl Glutamate, Decyl Glucoside, Sodium Lauroyl Sarcosinate, Benzyl Alcohol, Dehydroacetic Acid, Benzoic Acid, Pelargonium Graveolens Oil, Mentha Piperita Oil, Citronellol, Geraniol, Linalool.
",7,5,3,"Beauté,Rosto, mãos e corpo",3,"37,80","0,300",https://abbiacasa.com.br/import-image/BEA26.jpg
BEA27,"Tônico de Lavanda Orgânico","Tônico, Tõnico antioxidante, Tônico antioxidante para o Rosto, Tônico para corpo, Tônico de Lavanda, Produto Livre de Crueladade Animal","BEA05,BEA06,BEA07,BEA17,BEA18","Para quem prefere aromas marcantes, este tônico tem poderes incríveis. Além de ser antioxidante, ajuda a combater a queda de cabelos e mantê-los sempre lindos.
É também um grande aliado para o fortalecimento do sistema respiratório e revitalizar não só sua pele, mas suas energias essenciais."," Hidrolato de Rosmarinus Officinalis.",12,4,4,",Rosto",0,"44,85","0,300",https://www.gazin.com.br/images/jpg/produto-default.jpg
BEA28,"Pedra Vulcânica","Pedra Vulcânica, Pedra Vulcânica Esfoliante para a Pele, Produto Natural","BEA01,BEA02,BEA03,BEA06,BEA19","Uma alternativa que adoramos para remover células mortas e revigorar a pele seca, especialmente a dos pés. O resultado é uma maciez incrível!
Indicado para todos os tipos de pele, incluindo as sensíveis.



","Pedra de Lava Vulcânica.",4,10,8,"Beauté,Pés",3,"34,20","0,300",https://abbiacasa.com.br/import-image/BEA28.jpg
CAS04,"Fruteira Formas","Fruteira, Centro de Mesa, Objeto Decorativo, Vaso, Cachepot","CAS05,CAS32,(NUDE),CAS33,CAS47G,CAS48","Design e multifuncionalidade caminham juntos em uma só peça feita em metal. Ideia que a gente ama: um dia uma fruteira, em outro um cachepot...é só aproveitar! 


","Fruteira em metal com pintura acabamento epóxi,",24,36,36,"Casa,Fruteiras,Novidade",2,"531,27","1,142",https://www.gazin.com.br/images/jpg/produto-default.jpg
CAS05,Disco,"Fruteira, Centro de Mesa, Objeto Decorativo, Vaso, Cachepot","CAS04,CAS32,(TERRACOTA),CAS33,CAS47G,CAS48","Uma fruteira linda e aberta a novas experiências: funciona bem como centro de mesa e tudo mais que você imaginar na sua decoração. Peça feita em metal.



","Centro de mesa com pintura acabamento epóxi.",14,36,36,"Casa,Fruteiras,Novidade",2,"410,22","0,698",https://www.gazin.com.br/images/jpg/produto-default.jpg
CAS06M,"Bandeja Sunshine","Bandeja, Centro de Mesa, Objeto Decorativos, Objeto de Design",",CAS41M,CAS44G,CAS17P,CAS77,CAS80","Imprima leveza e a energia solar para servir bem e a qualquer hora. Uma dica Abbia Casa: monte um minibar com garrafas e taças. É sucesso! Peça feita em metal com acabamento dourado e parte interna em espelho.
","Bandeja em aço com acabamento dourado nas laterais e espelho na base.",5,32,32,"Casa,Bandejas,Novidade",2,"382,50","1,100",https://www.gazin.com.br/images/jpg/produto-default.jpg
CAS06P,"Bandejas Sunshine","Bandeja, Centro de Mesa, Objeto Decorativos, Objeto de Design","CAS41M,CAS44G,CAS17P,CAS77,CAS80","Imprima leveza e a energia solar para servir bem e a qualquer hora. Uma dica Abbia Casa: monte um minibar com garrafas e taças. É sucesso! Peça feita em metal com acabamento dourado e parte interna em espelho.



","Bandeja em aço com acabamento dourado nas laterais e espelho na base.",5,26,26,"Casa,Bandejas,Novidade",2,"257,00","0,788",https://www.gazin.com.br/images/jpg/produto-default.jpg
CAS07,"Enfeite Folha","Objeto Decorativo, Objeto de Design, Centro de Mesa, Objeto em Fibra Natural","CAS08,CAS19G,CAS37G,CAS32,,CAS87G","Trama feita com fibras naturais, pode ser usado como centro de mesa, mas também fica incrível para decorar a parede!


","Centro de mesa em fibras naturais.",17,40,80,"Casa,Centros de Mesa,Novidade",1,"307,00","1,364",https://www.gazin.com.br/images/jpg/produto-default.jpg
CAS08,"Enfeite Palma","Objeto Decorativo, Objeto de Design, Centro de Mesa, Objeto em Fibra Natural","CAS07,CAS19G,CAS37G,CAS32,CAS87G","Trama feita com fibras naturais, pode ser usado como centro de mesa, mas também fica incrível para decorar a parede!



","Centro de mesa em fibras naturais.",10,22,54,"Casa,Centros de Mesa,Novidade",1,"483,77","0,750",https://www.gazin.com.br/images/jpg/produto-default.jpg
CAS09,"Porta Toalhas","Porta Toalhas, Porta Objeto, Objeto Utilitário","CAS11,CAS15,CAS25,CAS37G,CAS64","Um organizador super charmoso e funcional para o banheiro e lavabo. Feito em madeira.


","Porta toalhas confecionado em madeira.",150,43,3,"Casa,Porta Toalhas,Novidade",2,"659,77","1,250",https://www.gazin.com.br/images/jpg/produto-default.jpg
CAS10,"Caixinhas Vendôme","Porta Jóias, Objeto Decorativo, Porta Objetos, Objeto Utilitário , Caixa","CAS11,CAS12,CAS18,CAS25,CAS49","Organize de tudo com estilo, sempre! Além de ser um mimo incrível para presentear. Feitas em MDF e forradas com tecido.

","Caixas em MDF revetidas em tecido.",6,30,20,"Casa,Caixas ,Novidade",0,"329,77","1,491",https://www.gazin.com.br/images/jpg/produto-default.jpg
CAS11,"Enfeite Coquille","Vaso, Vaso em Poliresina, Cachepot, Porta Objetos, Objeto de Forma Orgânica","CAS12,CAS13M,(TRANSPARENTE),CAS13M,(PRETO),CAS13M,(ROSA),CAS20M","Com várias possibilidades de uso, esta peçca em poliresina também é uma graça como elemento decorativo. 


","Enfeite em Poliresina.",15,14,28,"Casa,Vasos ,Novidade",2,"621,25","1,872",https://www.gazin.com.br/images/jpg/produto-default.jpg
CAS12,"Vaso Coquille","Vaso, Vaso em Poliresina, Cachepot, Porta Objetos, Objeto de Forma Orgânica","CAS11,CAS13M,(TRANSPARENTE),CAS13M,(PRETO),CAS13M,(ROSA),CAS20M","Leve um clima inusitado e divertido para sua decoração. Feito em poliresina.


","Enfeite em Poliresina.",20,25,12,"Casa,Vasos ,Novidade",2,"335,37","0,821",https://www.gazin.com.br/images/jpg/produto-default.jpg
CAS13M,"Vaso Coquille em Vidro","Vaso, Vaso em Vidro, Cachepot, Enfeites, Objeto Decorativo","CAS11,CAS12,CAS13P,(TRANSPARENTE),CAS13P,(PRETO),CAS13M,(ROSA),","Leve um clima inusitado e divertido para sua decoração. Feito em vidro.","Vaso em Vidro.",20,26,5,"Casa,Vasos ,Novidade",0,"241,20","1,251",https://abbiacasa.com.br/import-image/CAS13M.jpg
CAS13P,"Vaso Coquille em Vidro","Vaso, Vaso em Vidro, Cachepot, Enfeites, Objeto Decorativo","CAS11,CAS12,CAS13M,(TRANSPARENTE),CAS13M,(PRETO),CAS13M,(ROSA),","Leve um clima inusitado e divertido para sua decoração. Feito em vidro.","Vaso em Vidro.",15,20,5,"Casa,Vasos ,Novidade",0,"168,77","0,733",https://abbiacasa.com.br/import-image/CAS13P.jpg
CAS13M,"Vaso Coquille em Vidro","Vaso, Vaso em Vidro, Cachepot, Enfeites, Objeto Decorativo","CAS11,CAS12,CAS13P,(TRANSPARENTE),CAS13P,(PRETO),CAS13M,(ROSA),","Leve um clima inusitado e divertido para sua decoração. Feito em vidro.","Vaso em Vidro.",20,26,5,"Casa,Vasos ,Novidade",0,"241,20","1,129",https://abbiacasa.com.br/import-image/CAS13M.jpg
CAS13P,"Vaso Coquille em Vidro","Vaso, Vaso em Vidro, Cachepot, Enfeites, Objeto Decorativo","CAS11,CAS12,CAS13M,(PRETO),CAS13M,(TRANSPARENTE),CAS13M,(ROSA)","Leve um clima inusitado e divertido para sua decoração. Feito em vidro.","Vaso em Vidro.",15,20,5,"Casa,Vasos,Novidade",0,"192,92","0,806",https://abbiacasa.com.br/import-image/CAS13P.jpg
CAS13M,"Vaso Coquille em Vidro","Vaso, Vaso em Vidro, Cachepot, Enfeites, Objeto Decorativo","CAS12,CAS13M,(TRANSPARENTE),CAS13P,(TRANSPARENTE),CAS13M,(PRETO),CAS13P,(PRETO)","Leve um clima inusitado e divertido para sua decoração. Feito em vidro fosco.


","Vaso em Vidro.",20,26,5,"Casa,Vasos ,Novidade",4,"265,37","1,364",https://abbiacasa.com.br/import-image/CAS13M.jpg
CAS14,"Vaso Maia","Vaso, Vaso em Cimento, Cachepot, Objeto Decorativo","CAS20,CAS26,CAS33,CAS43G,CAS43M,","Para colocar um toque do sagrado e de viagens pelo globo dentro do seu próprio espaço. Feito em cimento.
 


","Vaso em Cimento.",20,25,25,"Casa,Vasos,Novidade",2,"263,77","3,918",https://abbiacasa.com.br/import-image/CAS14.jpg
CAS15,"Caixinhas Tropicália","Porta Jóias, Objeto Decorativo, Porta Objetos, Objeto Utilitário , Caixa","CAS11,CAS12,CAS18,CAS25,CAS49","Organize de tudo com estilo, sempre! Além de ser um mimo incrível para presentear. Feitas em MDF e forradas com tecido.

","Caixas em MDF revetidas em tecido.",6,30,20,"Casa,Caixas ,Novidade",2,"329,77","1,491",https://www.gazin.com.br/images/jpg/produto-default.jpg
CAS16,"Par de Ilustrações Musa","Ilustrações, Fine Art, Quadro Decorativo, Gravura","CAS36,CAS61,CAS62,CAS66,CAS69","Delicadas e femininas, as ilustrações são excelente pedida para personalizar qualquer ambiente. Moldura em madeira e acabamento em vidro.


","Ilustrações em impressão fine art, moldura em madeira e acabamento em vidro.",60,40,3,"Casa,Ilustrações,Novidade",1,"505,77","1,897",https://www.gazin.com.br/images/jpg/produto-default.jpg
CAS17P,"Bandejas Reflex","Bandeja, Centro de Mesa, Objeto Decorativo, Objeto de Design","CAS06M,CAS19G,CAS41M,CAS44G,CAS45","Simplicidade e elegância definem este item. Uma dica que a Abbia Casa ama é colocar taças e garrafas com ela et voilà! Você tem seu minibar. Peça em metal com acabamento em dourado e parte interna em espelho.

","Bandeja em aço com acabamento dourado e base em espelho.",6,36,36,"Casa,Bandejas,Novidade",2,"327,00","1,218",https://www.gazin.com.br/images/jpg/produto-default.jpg
CAS18,"Porta Livros Atlas","Porta Livros, Objeto Decorativo, Enfeite, Utilitário","CAS11,CAS14,CAS22,CAS28,CAS29","
Organizar e cuidar dos livros da estante ou prateleira? Nós gostamos! Peça produzida em cerâmica.



","Porta livros em cerâmica.",9,16,16,"Casa,Porta Livros,Novidade",2,"273,22","1,373",https://www.gazin.com.br/images/jpg/produto-default.jpg
CAS19G,"Bandeja Pic Nic","Bandeja, Cestaria, Cestaria Natural, Fruteira, Centro de Mesa",",CAS08,CAS37G,CAS87G,CAS89,CAS90","Um clássico atemporal para servir amigos com uma pegada informal e incrivelmente chique. Trama feita com junco natural e detalhes de junco sintético.
","Bandeja em Fibras Naturais.",17,86,42,"Casa,Bandejas,Novidade",2,"769,77","1,861",https://www.gazin.com.br/images/jpg/produto-default.jpg
CAS19P,"Bandeja Pic Nic","Bandeja, Cestaria, Cestaria Natural, Fruteira, Centro de Mesa","CAS08,CAS37G,CAS87G,CAS89,CAS90","Um clássico atemporal para servir amigos com uma pegada informal e incrivelmente chique. Trama feita com junco natural e detalhes de junco sintético.



","Bandeja em Fibras Naturais.",17,65,30,"Casa,Bandejas,Novidade",2,"659,77","0,951",https://www.gazin.com.br/images/jpg/produto-default.jpg
CAS20G,"Vaso Caramujo","Vaso, Vaso em Cimento, Cachepot, Objetos Decorativo, Estilo Mediterrâneo","CAS14,CAS26G,CAS33,CAS51,CAS52,","Perfeito para ser destaque ou mesclar com outras peças da sua decoração! Feito em cimento.
","Vaso em cimento.",26,35,35,"Casa,Vasos,Novidade",1,"549,77","6,748",https://www.gazin.com.br/images/jpg/produto-default.jpg
CAS20P,"Vaso Caramujo","Vaso, Vaso em Cimento, Cachepot, Objeto Decorativo, Estilo Mediterrâneo","CAS14,CAS20G,CAS33,CAS51,CAS52","Perfeito para ser destaque ou mesclar com outras peças da sua decoração! Feito em cimento.


","Vaso em Cimento.",17,25,25,"Casa,Vasos,Novidade",1,"219,77","2,448",https://www.gazin.com.br/images/jpg/produto-default.jpg
CAS21G,"Vaso Pino","Vaso, Cerâmica, Cachepot, Objeto Decorativo, Vaso Pequeno",",CAS22,CAS23,CAS24G,CAS34,CAS35,(TERRACOTA)","Uma cerâmica lúdica e funcional para dar vida nova a qualquer cantinho que você goste.
","Vaso em cerâmica.",28,14,14,"Casa,Vasos,Novidade",2,"211,00","1,224",https://abbiacasa.com.br/import-image/CAS21G.jpg
CAS21P,"Vaso Pino","Vaso, Cerâmica, Cachepot, Objeto Decorativo, Vaso Pequeno","CAS22,CAS23,CAS24G,CAS34,CAS35,(TERRACOTA)","Uma cerâmica lúdica e funcional para dar vida nova a qualquer cantinho que você goste.


","Vaso em cerâmica.",18,12,12,"Casa,Vasos ,Novidade",2,"111,62","0,683",https://abbiacasa.com.br/import-image/CAS21P.jpg
CAS22,"Vaso Rolha","Vaso, Cerâmica, Objeto Decorativo, Vaso Grande","CAS21G,CAS23,CAS24G,CAS34,CS35,(NUDE)","O design único em cerâmica vai causar um efeito surpreendente em casa ou escritório. Feito em cerâmica.","Vaso em cerâmica.",30,15,15,"Casa,Vasos,Novidade",2,"298,00","2,051",https://www.gazin.com.br/images/jpg/produto-default.jpg
CAS23,"Vaso Melody","Vaso, Cerâmica, Cachepot, Objeto Decorativo, Vaso Pequeno","CAS21P,CAS22,CAS24P,CAS42P,CAS56","O design único em cerâmica vai causar um efeito surpreendente em casa ou escritório. Feito em cerâmica.


","Vaso em cerâmica.",18,15,15,"Casa,Vasos ,Novidade",2,"198,65","1,376",https://www.gazin.com.br/images/jpg/produto-default.jpg
CAS24G,"Vaso Rings","Vaso, Cerâmica, Cachepot, Objeto Decorativo, Vaso Pequeno","CAS21G,CAS22,CAS23,CAS42M,CAS54","Para quem gosta do clássico com um toque de novos ares! Feito em cerâmica.","Vaso em cerâmica.",17,20,20,",Vasos,Novidade",2,"285,65","2,253",https://www.gazin.com.br/images/jpg/produto-default.jpg
CAS24M,"Vaso Rings","Vaso, Cerâmica, Cachepot, Objeto Decorativo, Vaso Pequeno","CAS21G,CAS22,CAS23,CAS42P,CAS55","Para quem gosta do clássico com um toque de novos ares! Feito em cerâmica.","Vaso em cerâmica.",14,15,15,",Vasos,Novidade",2,"136,50","1,396",https://www.gazin.com.br/images/jpg/produto-default.jpg
CAS24P,"Vasos Rings","Vaso, Cerâmica, Cachepot, Objeto Decorativo, Vaso Pequeno","CAS21P,CAS22,CAS23,CAS42P,CAS56","Para quem gosta do clássico com um toque de novos ares! Feito em cerâmica.

","Vaso em cerâmica.",10,12,12,"Casa,Vasos ,Novidade",2,"86,77","0,567",https://www.gazin.com.br/images/jpg/produto-default.jpg
CAS25,"Caixas Ibis","Porta Jóias, Objeto Decorativo, Porta Objetos, Objeto Utilitário , Caixa","CAS11,CAS12,CAS15,CAS18,CAS29","Organize de tudo com estilo, sempre! Além de ser um mimo incrível para presentear. Feitas em MDF e forradas com tecido.


","Caixas em MDF revetidas em tecido.",25,30,20,"Casa,Caixas ,Novidade",2,"329,77","1,491",https://www.gazin.com.br/images/jpg/produto-default.jpg
CAS26G,"Cachepot Mediterrâneo","Vaso, Vaso em Cimento, Cachepot, Objeto Decorativo",",CAS27,CAS30,CAS32(NUDE),CAS33,CAS35,(NUDE)","Uma brisa do verão mediterrâneo soprando direto na sua casa! Feito em cimento.","Cachepot em cimento texturizado.",17,25,25,",Cachepots,Novidade",2,"175,77","2,464",https://www.gazin.com.br/images/jpg/produto-default.jpg
CAS26P,"Cachepot Mediterrâneo","Vaso, Vaso em Cimento, Cachepot, Objeto Decorativo",",CAS27,CAS30,CAS32,(NUDE),CAS33,CAS35,(NUDE)","Uma brisa do verão mediterrâneo soprando direto na sua casa! Feito em cimento.



","Cachepot em cimento texturizado.",14,20,20,"Casa,Cachepots,Novidade",1,"98,77","1,109",https://www.gazin.com.br/images/jpg/produto-default.jpg
CAS27,"Fruteira Mediterrâneo","Fruteita, Centro de Mesa, Objeto Decorativo, Objeto em Cimento, Cachepot",",CAS26G,CAS30,CAS32(NUDE),CAS33,CAS59"," Escolha esta peça em metal para transformar sua mesa em uma super mesa! Feita em cimento.


","Cachepot em cimento texturizado.",8,33,33,"Casa,Fruteiras,Novidade",2,"186,77","2,246",https://www.gazin.com.br/images/jpg/produto-default.jpg
CAS28,"Peso de Papel Déco","Peso de Papel, Objeto Decortivo, Enfeite, Enfeite para a Casa","CAS07,CAS08,CAS11,CAS18,CAS29","Chique em qualquer circunstância, é você quem define como e onde vai colocá-lo! Feito em metal e base em polímero com acabamento brilhante.


","Peso de papel com base em polipropileno, com acabamento brilhante preto e corpo em polipropileno dourado com acabamento brilhante.",33,14,8,"Casa,Pesos de Papel,Novidade",3,"397,00","0,896",https://www.gazin.com.br/images/jpg/produto-default.jpg
CAS29,"Enfeite Rex","Enfeite, Enfeite para a Casa, Objeto Decorativo, Enfeite Cerâmica ","CAS07,CAS11,CAS18,CAS28,CAS13M,(ROSA)","Um charme à parte, este pet decorativo de louça branca traz um pouco de humor para seu cotidiano.
","Enfeite em cerâmica.",37,11,15,"Casa,Peças Decorativas,Novidade",2,"496,95","0,806",https://www.gazin.com.br/images/jpg/produto-default.jpg
CAS30,"Cerâmica Mushroom","Fruteita, Centro de Mesa, Objeto Decorativo, Vaso, Cachepot, Objeto em Cimento","CAS31,CAS32,(TERRACOTA),CAS32,(NUDE),CAS33,CAS34,","Inove, aposte e acerte com a estética e linhas super arrojadas. Feita em cimento.
* ATENÇÃO: Cimento possui acabamento levemente esbranquiçado. Característica normal da peça, não constituindo defeito de fabricação","Peça em concreto.",15,25,25,"Casa,Vasos,Novidade",3,"263,77","2,302",https://www.gazin.com.br/images/jpg/produto-default.jpg
CAS31,"Cerâmica Mushroom","Fruteira, Centro de Mesa, Objeto Decorativo, Vaso, Cachepot, Objeto em Cimento","CAS30,CAS32,(TERRACOTA),CAS32,(NUDE),CAS33,CAS35,(TERRACOTA)","Inove, aposte e acerte com a estética e linhas super arrojadas. Feita em cimento.                                                    *ATENÇÃO: Cimento possui acabamento levemente esbranquiçado, não constituindo defeito de fabricação.

","Peça em concreto.",15,25,25,"Casa,Vasos,Novidade",3,"263,77","2,344",https://www.gazin.com.br/images/jpg/produto-default.jpg
CAS32,"Cerâmica Platô","Fruteira, Centro de Mesa, Objeto Decorativo, Cachepot, Objeto em Cimento","CAS30,CAS31,CAS33,CAS32,(NUDE),CAS35,(TERRACOTA)","
Uma peça clássica, sim. Mas com personalidade de sobra! Feita em cimento.                                                                 *ATENÇÃO: Cimento possui acabamento levemente esbranquiçado, não constituindo defeito de fabricação.","Peça em concreto.",10,35,35,"Casa,Centros de Mesa,Novidade",2,"329,77","4,124",https://www.gazin.com.br/images/jpg/produto-default.jpg
CAS32,"Cerâmica Platô","Fruteira, Centro de Mesa, Objeto Decorativo, Vaso, Cachepot, Objeto em Cimento","CAS30,CAS31,CAS32,(TERRACOTA),CAS33,CAS35,(NUDE)","
Uma peça clássica, sim. Mas com personalidade de sobra! Feita em cimento.
*ATENÇÃO: Cimento possui acabamento levemente esbranquiçado, não constituindo defeito de fabricação.","Peça em concreto.",10,35,35,"Casa,Centros de Mesa,Novidade",2,"329,77","4,260",https://www.gazin.com.br/images/jpg/produto-default.jpg
CAS33,"Cerâmica Copine","Vaso, Cerâmica, Centro de Mesa, Fruteira, Cachepot","CAS30,CAS32,(NUDE),CAS34,CAS35,(NUDE),CAS60","Design divertido é a ideia para trazer bom humor ao ambiente. Peça em cerâmica.


","Peça em concreto.",17,23,23,"Casa,Vasos,Novidade",2,"298,00","1,036",https://abbiacasa.com.br/import-image/CAS33.jpg
CAS34,"Vaso Bubble","Vaso, Cerâmica, Objeto Decorativo, Objeto Contemporâneo","CAS30,CAS31,CAS32,(TERRACOTA),CAS33,CAS35,(TERRACOTA)","Com design dinâmico e surpreendente, uma peça para fugir do convencional. Feito em cerâmica.


","Vaso em cerâmica.",26,23,23,"Casa,Vasos ,Novidade",2,"447,25","1,230",https://www.gazin.com.br/images/jpg/produto-default.jpg
CAS35,"Vaso Capri (TERRACOTA)","Vaso, Cerâmica, Objeto Decorativo,Objeto Contemporâneo","CAS30,CAS31,CAS32,(TERRACOTA),CAS33,CAS34,(TERRACOTA)","Com design dinâmico e surpreendente, uma peça para fugir do convencional. Feito em cerâmica.","Vaso em cerâmica.",30,15,15,"Casa,Vasos,Novidade",2,"322,95","1,022",https://www.gazin.com.br/images/jpg/produto-default.jpg
CAS35,"Vaso Capri (NUDE)","Vaso, Cerâmica, Objeto Decorativo, Objeto Contemporâneo","CAS30,CAS31,CAS32,(NUDE),CAS33,CAS35,(TERRACOTA)","Com design dinâmico e surpreendente, uma peça para fugir do convencional. Feito em cerâmica.


","Vaso em cerâmica.",30,15,15,"Casa,Vasos ,Novidade",2,"322,95","1,022",https://www.gazin.com.br/images/jpg/produto-default.jpg
CAS36,"Par de Ilustrações Landscape","Ilustrações, Fine Art, Quadro Decorativo, Gravura","CAS16,CAS61,CAS62,CAS66,CAS69","Aposte nesta composição para aquecer e trazer uma boa dose de aconchego. Moldura em madeira e acabamento em vidro.


","Ilustrações em impressão fine art, moldura em madeira e acabamento em vidro.",70,50,3,"Casa,Ilustrações,Novidade",1,"725,77","2,161",https://www.gazin.com.br/images/jpg/produto-default.jpg
CAS37G,"Cestaria Copacabana","Cestaria, Cestos, Cesto em Trama de Algodão, Utilitário","CAS07,CAS19G,CAS87G,CAS89,CAS44G","O mix de texturas e bossa de sobra é ideal para abraçar um clima mais informal. Trama confeccionada em algodão.","Cestaria em algodão.",18,58,30,",Cestarias,Novidade",1,"263,77","0,796",https://www.gazin.com.br/images/jpg/produto-default.jpg
CAS37M,"Cestaria Copacabana","Cestaria, Cestos, Cesto em Trama de Algodão, Utilitário","CAS07,CAS19P,CAS87M,CAS89,CAS44P","O mix de texturas e bossa de sobra é ideal para abraçar um clima mais informal. Trama confeccionada em algodão.


","Cestaria em algodão.",14,46,30,"Casa,Cestarias,Novidade",2,"175,77","0,585",https://www.gazin.com.br/images/jpg/produto-default.jpg
CAS38,"Espelho Vanity","Espelhos, Espelho Contemporâneo, Espelho Moderno","CAS6M,CAS08,CAS17P,CAS62,CAS66,","
Com mil e uma utilidades, o espelho ajuda a dar amplitude e iluminar o ambiente. E o formato orgânico é só um plus!

Uma sugestão Abbia é fazer uma composição com os espelhos Célula e Gota!
","Espelho com suporte traseiro em madeira.",20,31,15,"Casa,Espelhos,Novidade",2,"217,00","0,666",https://abbiacasa.com.br/import-image/CAS38.jpg
CAS39,"Espelho Célula","Espelhos, Espelho Contemporâneo, Espelho Moderno","CAS06M,CAS08,CAS17P,CAS62,CAS66","Com mil e uma utilidades, o espelho ajuda a dar amplitude e iluminar o ambiente. E o formato orgânico é só um plus!

Um sugestão Abbia é fazer uma composição com os espelhos Vanity e Gota! 
","Espelho com suporte traseiro em madeira.",32,33,15,"Casa,Espelhos,Novidade",2,"313,00","1,039",https://abbiacasa.com.br/import-image/CAS39.jpg
CAS40,"Espelho Gota","Espelhos, Espelho Contemporâneo, Espelho Moderno","CAS06M,CAS08,CAS17P,CAS62,CAS66","Com mil e uma utilidades, o espelho ajuda a dar amplitude e iluminar o ambiente. E o formato orgânico é só um plus!

Uma sugestão Abbia é fazer uma composição com os espelhos Vanity e Célula.","Espelho com suporte traseiro em madeira.",37,46,15,"Casa,Espelhos,Novidade",2,"482,50","1,779",https://abbiacasa.com.br/import-image/CAS40.jpg
CAS41M,"Bandeja Creta","Bandeja, Bandeja Pequena, Utilitário",",CAS06M,CAS17P,CAS44G,CAS45,CAS50,(BRANCA)","Para quem gosta de brincar ângulos e texturas diferentes. Feita em cimento com alças de metal maciço.
","Bandeja em concreto com hastes em aço com acabamento em pintura epóxi preta;",6,40,15,",Bandejas,Novidade",2,"422,37","3,040",https://www.gazin.com.br/images/jpg/produto-default.jpg
CAS41P,"Bandeja Creta","Bandeja, Bandeja Pequena, Utilitário","CAS06P,CAS17P,CAS44P,CAS45,CAS50,(BRANCA)","Para quem gosta de brincar ângulos e texturas diferentes. Feita em cimento com alças de metal maciço.


","Bandeja em concreto com hastes em aço com acabamento em pintura epóxi preta;",6,27,15,"Casa,Bandejas,Novidade",1,"347,80","1,830",https://www.gazin.com.br/images/jpg/produto-default.jpg
CAS42M,"Vaso Milo","Vaso, Cerâmica, Vaso Pequeno, Cachepot",",CAS43G,CAS21P,CAS23,CAS24P,CAS54","O formato inusitado é o trunfo deste vaso charmoso e funcional. Feitos em cerâmica.","Vaso em cerâmica.",25,12,12,",Vasos,Novidade",2,"186,20","1,012",https://www.gazin.com.br/images/jpg/produto-default.jpg
CAS42P,"Vaso Milo","Vaso, Cerâmica, Vaso Pequeno, Cachepot",",CAS43P,CAS21P,CAS23,CAS24P,CAS54","O formato inusitado é o trunfo deste vaso charmoso e funcional. Feitos em cerâmica.



","Vaso em cerâmica.",15,8,8,"Casa,Vasos,Novidade",2,"74,35","0,311",https://www.gazin.com.br/images/jpg/produto-default.jpg
CAS43G,"Vaso Piny","Vaso, Cerâmica, Vaso Grande, Cachepot, Objeto Grande","CAS42M,CAS51,CAS54,CAS58,CAS59","Brincar com o design, por que não? É coisa que a gente adora! Feitos em cerâmica.","Vaso em cerâmica.",43,23,23,"Casa,Vasos,Novidade",2,"571,55","2,010",https://abbiacasa.com.br/import-image/CAS43G.jpg
CAS43M,"Vasos Piny","Vaso, Cerâmica, Vaso Médio, Cachepot, Objeto Médio","CAS42P,CAS51,CAS55,CAS58,CAS59","Brincar com o design, por que não? É coisa que a gente adora! Feitos em cerâmica.


","Vaso em cerâmica.",33,20,20,"Casa,Vasos,Novidade",2,"298,00","1,276",https://abbiacasa.com.br/import-image/CAS43M.jpg
CAS44G,"Bandeja Gaiola","Bandeja, Bandeja Grande, Utilitário","CAS17P,CAS45,CAS41M,CAS37G,CAS19G","Café da manhã bem servido, almoço na piscina ou casa de campo? Esta é sua escolha perfeita. Feitas em madeira pintada","Bandeja em madeira.",19,50,33,"Casa,Bandejas,Novidade",1,"395,86","0,322",https://www.gazin.com.br/images/jpg/produto-default.jpg
CAS44P,"Bandeja Gaiola","Bandeja, Bandeja Pequena, Bandeja Média, Utilitário","CAS17P,CAS45,CAS41P,CAS37M,CAS19P","Café da manhã bem servido, almoço na piscina ou casa de campo? Esta é sua escolha perfeita. Feitas em madeira pintada.

","Bandeja em madeira.",19,37,25,"Casa,Bandejas,Novidade",2,"263,91","0,300",https://www.gazin.com.br/images/jpg/produto-default.jpg
CAS45,"Bandeja Milão","Bandeja, Bandeja em Madreperola, Utilitário","CAS41M,CAS46G,CAS46P,CAS50,(BRANCO)","Linhas retas em elementos clássicos, uma escolha sem margem de erro! super chique, tem acabamento em madrepérola.

","Bandeja em madreperóla;",5,52,17,"Casa,Bandejas,Novidade",2,"659,77","1,130",https://www.gazin.com.br/images/jpg/produto-default.jpg
CAS46G,"Caixa Gioia","Caixa, Porta Jóias, Porta Objetos, Objeto Decorativo, Objeto em Madreperola","CAS15,CAS25,CAS41M,CAS46G,CAS46P,","Uma delicadeza para complementar mesas de centro ou laterais da sala. Com acabamento em madrepérola.

","Caixa em madrepérola.",13,30,23,"Casa,Caixas,Novidade",2,"659,77","1,156",https://www.gazin.com.br/images/jpg/produto-default.jpg
CAS46P,"Caixa Gioia","Caixa, Porta Jóias, Porta Objetos, Objeto Decorativo, Objeto em Madreperola","CAS15,CAS25,CAS41P,CAS45,CAS44P","Uma delicadeza para complementar mesas de centro ou laterais da sala. Com acabamento em madrepérola.


","Caixa em madrepérola.",8,20,13,"Casa,Caixas,Novidade",2,"659,77","0,480",https://www.gazin.com.br/images/jpg/produto-default.jpg
CAS47G,"Centro de Mesa Trama","Centro de Mesa, Fruteira, Objeto Decorativo, Utilitário",",CAS48,CAS89,CAS65G,CAS65M,CAS53","Acredite. Este é O elemento que faltava para elevar seu décor às alturas! Trama feita em metal.","Fruteira em metal com acabamento dourado.",17,37,37,"Casa,Centros de Mesa,Novidade",2,"434,37","0,544g",https://abbiacasa.com.br/import-image/CAS47G.jpg
CAS47M,"Centro de Mesa Trama","Centro de Mesa, Fruteira, Objeto Decorativo, Utilitário","CAS48,CAS89,VAS65G,CAS65M,CAS53","Acredite. Este é O elemento que faltava para elevar seu décor às alturas! Trama feita em metal.





","Fruteira em metal com acabamento dourado.",14,30,30,"Casa,Centros de Mesa,Novidade",2,"325,70","0,309",https://abbiacasa.com.br/import-image/CAS47M.jpg
CAS48,"Centro de Mesa Libélula","Centro de Mesa, Fruteira, Objeto Decorativo, Utilitário","CAS48,CAS89,VAS65G,CAS65M,CAS53","Formas orgânicas com estilo art nouveau fazem deste item um verdadeiro sucesso. Très chic! Trama feita em metal.


","Fruteita em metal com acabamento dourado.",10,45,45,"Casa,Centros de Mesa,Novidade",2,"325,70","0,497",https://abbiacasa.com.br/import-image/CAS48.jpg
CAS49,"Cachepot Cosmopolitan","Cachepot, Objeto Decorativo, Objeto Moderno, Objeto Contemporâneo","CAS15,CAS25,CAS49,(DOURADO),CAS52,CAS68","Ideia brilhante para quem adora um visual urbano e sofisticado. Feito em metal com acabamento fosco.","Cachepot em metal com acabamento preto.",9,40,12,"Casa,Cachepots,Novidade",2,"337,80","0,425",https://www.gazin.com.br/images/jpg/produto-default.jpg
CAS49,"Cachepot Cosmopolitan","Cachepot, Objeto Decorativo, Objeto Moderno, Objeto Contemporâneo","CAS15,CAS25,CAS49,(PRETO),CAS52,CAS68","Ideia brilhante para quem adora um visual urbano e sofisticado. Feito em metal com acabamento fosco.


","Cachepot em metal com acabamento preto.",9,40,12,"Casa,Cachepots,Novidade",2,"361,95","0,425",https://www.gazin.com.br/images/jpg/produto-default.jpg
CAS50,"Bandeja Crepon ","Bandeja, Objeto Decorativo, Objeto Moderno, Objeto Contemporâneo","CAS26G,CAS51,CAS52,CAS67,(PRETO),CAS68","Para ousar e apostar certo em linhas e formas surpreendentes. Feita em poliresina.


","Centro de mesa em poliresina.",6,40,35,"Casa,Bandejas,Novidade",2,"447,25","2,393",https://www.gazin.com.br/images/jpg/produto-default.jpg
CAS51,"Vaso Coral","Vaso, Cachepot, Vaso Modernos, Vaso Contemporâneo, Vaso em Poliresina","CAS26G,CAS52,CAS50,(BRANCO),CAS67,(PRETO),CAS68","Uma inspiração do fundo do mar que cai bem em qualquer decoração. Feito em poliresina.


","Vaso em poliresina.",38,20,20,"Casa,Vasos,Novidade",1,"447,25","1,808",https://www.gazin.com.br/images/jpg/produto-default.jpg
CAS52,"Cachepot Lava ","Vaso, Cachepot, Vaso Moderno, Vaso Contemporâneo, Vaso em Poliresina","CAS26G,CAS50,CAS51,CAS67,(PRETO),CAS68","Peça confeccionada em poliresina, é super bacana e fora do convencional!


","Cachepot em poliresina.",13,26,16,"Casa,Cachepots ,Novidade",2,"347,80","0,637",https://www.gazin.com.br/images/jpg/produto-default.jpg
CAS53,"Fruteira Wire","Fruteira, Centro de Mesa, Objeto Decorativo, Utilitário","CAS04,CAS05,CAS27,CAS32,(NUDE),CAS33","Aposte no ar urbano e design inovador desta peça em metal, e o resto é mágica! 


","Fruteira em metal com acabamento dourado.",21,19,19,"Casa,Fruteiras,Novidade",2,"361,95","0,473",https://abbiacasa.com.br/import-image/CAS53.jpg
CAS54,"Vaso Carretel","Vaso, Cerâmica, Cachepot, Objeto Decorativo","CAS22,CAS23,CAS24G,CAS42M,CAS21G,","Experimentar novidades é sempre gostoso. Então...aproveite para brincar com este mix sugestivo de curvas e retas! Feito em cerâmica.



","Vaso em cerâmica.",18,10,10,"Casa,Vasos,Novidade",4,"74,35","0,427",https://www.gazin.com.br/images/jpg/produto-default.jpg
CAS55,"Vaso Módulo","Vaso, Cerâmica, Cachepot, Objeto Decorativo","CAS22,CAS23,CAS24G,CAS42P,CAS21P","Experimentar novidades é sempre gostoso. Então...aproveite para brincar com este mix sugestivo de curvas e retas! Feito em cerâmica.


","Vaso em cerâmica.",15,10,10,"Casa,Vasos ,Novidade",4,"57,00","0,329",https://www.gazin.com.br/images/jpg/produto-default.jpg
CAS56,"Vaso Apolo","Vaso, Cerâmica, Objeto Decorativo, Vasos Pequeno","CAS22,CAS23,CAS24G,CAS42P,CAS21P","Experimentar novidades é sempre gostoso. Então...aproveite para brincar com este mix sugestivo de curvas e retas! Feito em cerâmica.


","Vaso em cerâmica.",9,10,10,"Casa,Vasos,Novidade",4,"43,52","0,300",https://www.gazin.com.br/images/jpg/produto-default.jpg
CAS57,"Vaso Marino","Vaso Vaso em Poliresina, Vaso Moderno, Vaso Contemporâneo","CAS51,CAS52,CAS58,CAS59,CAS60,","Do grupo ""peças que amamos"", este vaso em cerâmica une design e funcionalidade com perfeição.


","Vaso em poliresina.",41,23,9,"Casa,Vasos,Novidade",2,"571,55","2,120",https://www.gazin.com.br/images/jpg/produto-default.jpg
CAS58,"Vaso Poli","Vaso, Vaso em Poliresina, Vasos Modernos, Vasos Contemporâneos","CAS51,CAS52,CAS57,CAS59,CAS60,","Um charme à parte, esta peça super funcional parece ter vida própria. Feito em cerâmica.


","Vaso em poliresina.",36,20,9,"Casa,Vasos,Novidade",2,"472,10",1.523,https://www.gazin.com.br/images/jpg/produto-default.jpg
CAS59,"Vaso Viola","Vaso, Cerâmica, Vaso em Cerâmica, Vaso Moderno, Vaso Contemporâneo","CAS51,CAS52,CAS57,CAS58,CAS60","Formas que remetem ao nordeste brasileiro fazem desta cerâmica uma peça única.



","Vaso em cerâmica.",39,20,20,"Casa,Vasos ,Novidade",2,"621,25","2,316",https://www.gazin.com.br/images/jpg/produto-default.jpg
CAS60,"Vaso Organe","Vaso, Cerâmica, Vaso em Cerâmica, Vaso Moderno, Vaso Contemporâneo","CAS51,CAS52,CAS57,CAS58,CAS59","A assimetria e a organicidade são os grandes destaques desta peça em cerâmica.

","Vaso em cerâmica.",28,16,16,"Casa,Vasos ,Novidade",2,"347,80","1,089",https://www.gazin.com.br/images/jpg/produto-default.jpg
CAS61,"Ilustração Veios","Ilustrações, Fine Art, Quadro Decorativo, Gravura","CAS16,CAS36,CAS62,CAS66,CAS69","Uma imagem com infinitas interpretações dá o toque de vida ao ambiente. Peça com moldura em madeira.


","Quadro com ilustração com impressão fine art e moldura em madeira.",80,60,4,"Casa,Ilustrações,Novidade",1,"659,77","1,668",https://www.gazin.com.br/images/jpg/produto-default.jpg
CAS62,"Ilustração Gatsby","Ilustrações, Fine Art, Quadro Decorativo, Gravura","CAS16,CAS36,CAS61,CAS66,CAS69","Acredite na sobriedade que este mood Art Déco pode fazer na sua decoração. Elegante até! Peça com moldura em madeira.


","Quadro com ilustração com impressão fine art e moldura em madeira.",100,86,4,"Casa,Ilustrações,Novidade",1,"989,00",3,https://www.gazin.com.br/images/jpg/produto-default.jpg
CAS63,"Enfeite Elos","Enfeite para a Casa, Objeto Decorativos, Objetos em Madeira","CAS07,CAS11,CAS12,CAS28,CAS29","Pequenas medidas podem fazer uma grande diferença. Divirta-se com o décor adicionando esta peça em madeira maciça.

","Enfeite em madeira maciça.",9,20,20,"Casa,Peças Decorativas,Novidade",1,"395,77","0,584",https://www.gazin.com.br/images/jpg/produto-default.jpg
CAS64,"Cachepot Joy","Cachepot, Objeto Decorativo, Objeto Moderno, Objetos Contemporâneo, Utilitário","CAS07,CAS11,CAS12,CAS65G,CAS65M","Elegância e simplicidade são os grandes aliados desta peça. Feito em madeira maciça.

","Cachepot em madeira maciça;",12,30,30,"Casa,Cachepots ,Novidade",1,"373,77","1,261",https://www.gazin.com.br/images/jpg/produto-default.jpg
CAS65G,"Vaso Pinho","Vaso, Vaso em Madeira, Fruteira, Utilitário, Objeto Decorativo","CAS07,CAS11,CAS12,CAS64,CAS65M","Esta mistura ideal de texturas e linhas vão fazer toda a diferença na sua casa. Feito em madeira maciça.","Vaso em madeira macica;",7,28,28,"Casa,Vasos,Novidade",2,"362,77","1,441",https://www.gazin.com.br/images/jpg/produto-default.jpg
CAS65M,"Vaso Pinho","Vaso, Vaso em Madeira, Fruteira, Utilitário, Objeto Decorativo","CAS07,CAS11,CAS12,CAS64,CAS65G","Esta mistura ideal de texturas e linhas vão fazer toda a diferença na sua casa. Feito em madeira maciça.

","Vaso em madeira macica;",29,24,24,"Casa,Vasos,Novidade",2,"417,77","0,1253",https://www.gazin.com.br/images/jpg/produto-default.jpg
CAS66,"Espelho Mundi","Espelhos, Espelho Contemporâneo, Espelho Moderno, Espelho Art Déco","CAS07,CAS36,CAS61,CAS62,CAS69","Um favorito Abbia Casa, esta é uma aposta que vai mudar sua parede.
Além de iluminar dar amplitude, é personalidade pura para o décor. Espelho com moldura em metal.


","Espelho com acabamento em aço na cor dourada.",90,80,1,"Casa,Espelhos,Novidade",2,"1 943,00",10,https://abbiacasa.com.br/import-image/CAS66.jpg
CAS67,"Bandeja Crepon ","Bandeja, Objeto Decorativo, Objeto Moderno, Objeto Contemporâneo","CAS20,CAS68,CAS50,(BRANCA),CAS51,CAS52,","Para ousar e apostar certo em linhas e formas surpreendentes. Feita em poliresina.


","Centro de mesa em poliresina.",6,40,35,"Casa,Bandejas,Novidade",2,"447,25","2,393",https://www.gazin.com.br/images/jpg/produto-default.jpg
CAS68,"Cachepot Lava ","Vaso, Cachepot, Vaso Moderno, Vaso Contemporâneo, Vaso em Poliresina","CAS20,CAS67,(PRETO),CAS50,(BRANCA),CAS51,CAS52,","Peça confeccionada em poliresina, é super bacana e fora do convencional!




","Cachepot em poliresina.",13,26,16,"Casa,Cachepots,Novidade",2,"347,80","0,637",https://www.gazin.com.br/images/jpg/produto-default.jpg
CAS69,"Jogo de Ilustrações Tetris","Ilustrações, Fine Art, Quadro Decorativo, Gravura","CAS16,CAS36,CAS61,CAS62,CAS66","O lúdico e o decorativo estão lado a lado em infinitas possibilidades de composição. Moldura em madeira e acabamento em vidro. Peça vendida por unidade.


","Ilustrações em impressão fine art, moldura em madeira e acabamento em vidro.",36,15,15,"Casa,Ilustrações,Novidade",6,"219,94","1,053",https://www.gazin.com.br/images/jpg/produto-default.jpg
CAS70,"Home Spray Fresh Rosemary","Spray para o Ambiente, Home Spray, Aromatizador de Ambientes, Aroma para a Casa, Aroma para Ambientes","CAS71,CAS72,CAS73,CAS74,CAS78","Para dar um up no astral, este mix do alecrim com o doce delicado da tangerina resulta em um perfume alegre e cheio de energia.
Os óleos essenciais de alecrim, tangerina e eucalipto são ótimos para purificar e limpar o ambiente.

","100% natural e vegano. Livre de parabenos, propilenoglicol, corantes e conservantes. Não testado em animais. Embalagem em vidro reutilizável e reciclável.",18,6,6,"Casa,Home Sprays",5,"88,20","0,375",https://www.gazin.com.br/images/jpg/produto-default.jpg
CAS71,"Home Spray Lavender Fields","Spray para o Ambiente, Home Spray, Aromatizador de Ambiente, Aromas para a Casa, Aromas para Ambiente","CAS70,CAS72,CAS73,CAS74,CAS79","Nada como chegar em casa e se sentir revigorado! Um mix de óleos de lavanda, Cedro do Marrocos e eucalipto dá o tom para esta fragrância fresca, floral e amadeirada. Indicada para momentos de puro relax e repor energias! 

","100% natural e vegano. Livre de parabenos, propilenoglicol, corantes e conservantes. Não testado em animais. Embalagem em vidro reutilizável e reciclável.",18,6,6,"Casa,Home Sprays",5,"88,20","0,375",https://www.gazin.com.br/images/jpg/produto-default.jpg
CAS72,"Home Spray Lemon Grass","Spray para o Ambiente, Home Spray, Aromatizador de Ambiente, Aromas para a Casa, Aromas para Ambiente","CAS70,CAS71,CAS73,CAS74,CAS80","Um blend do poderoso capim limão com óleos essenciais de Litsea Cubeba (May Chang) e Cedro do Marrocos. Um aroma aconchegante que revigora, reenergiza e tranquiliza.

","100% natural e vegano. Livre de parabenos, propilenoglicol, corantes e conservantes. Não testado em animais. Embalagem em vidro reutilizável e reciclável.",18,6,6,"Casa,Home Sprays",3,"88,20","0,375",https://www.gazin.com.br/images/jpg/produto-default.jpg
CAS73,"Vela Perfumada Rain Forest","Vela, Vela Perfumada, Vela Aromatizadora de Ambiente, Aroma para a Casa","CAS06P,CAS74,CAS78,CAS79,CAS80","A fragrância complexa e intensa leva notas de samambaia, orquídeas selvagens e madeiras nobres. Exuberante como uma floresta tropical!

","100% natural e vegano. Livre de parabenos, propilenoglicol, corantes e conservantes. Não testado em animais. Embalagem em vidro reutilizável e reciclável.",10,9,9,"Casa,Velas Perfumadas",3,"132,30","0,460",https://www.gazin.com.br/images/jpg/produto-default.jpg
CAS74,"Vela Perfumada Mediterrâneo","Vela, Vela Perfumada, Vela Aromatizadora de Ambiente, Aroma para a Casa","CAS06P,CAS73,CAS78,CAS79,CAS80","O aroma leve e frutado é composto por uma mistura de sea salt com gengibre, figo e muguet. Fresco como a brisa do mar!

","100% natural e vegano. Livre de parabenos, propilenoglicol, corantes e conservantes. Não testado em animais. Embalagem em vidro reutilizável e reciclável.",10,9,9,"Casa,Velas Perfumadas",4,"132,30","0,460",https://www.gazin.com.br/images/jpg/produto-default.jpg
CAS75,"Home Spray Flor de Cereja Negra e Peônia","Spray para o Ambiente, Home Spray, Aromatizador de Ambiente, Aroma para a Casa, Aroma para Ambiente","CAS70,CAS71,CAS72,CAS76,CAS77","Especial para quem espera um aroma intenso e marcante, resultado de um mix exótico - o aroma adocicado da cereja negra com o floral e delicado da peônea. Sucesso sofisticado e cheio de romance.

Frasco em vidro. Acompanha saquinho em microfibra.

","Àgua, àlcool, fragrâncias e conservador",20,7,7,"Casa,Home Sprays",4,"75,00","0,300",https://www.gazin.com.br/images/jpg/produto-default.jpg
CAS76,"Home Spray Flor de Figo e Sândalo","Spray para o Ambiente, Home Spray, Aromatizador de Ambiente, Aroma para a Casa, Aroma para Ambiente","CAS70,CAS71,CAS72,CAS75,CAS77","Mistura perfeita para que quer trazer aquela sensação de bem-estar e conforto para o ambiente, as propriedades purificadoras e terapêuticas do sândalo e folhas verdes se unem à doçura do figo e da baunilha. Com personalidade marcante, um perfume levemente denso e delicado.

Frasco em vidro. Acompanha saquinho em microfibra.
","Àgua, àlcool, fragrâncias e conservador",20,7,7,"Casa,Home Sprays",4,"75,00","0,300",https://www.gazin.com.br/images/jpg/produto-default.jpg
CAS77,"Home Spray de Flor de Cerejeira e Pamplemousse","Spray para o Ambiente, Home Spray, Aromatizador de Ambiente, Aroma para a Casa, Aroma para Ambiente","CAS70,CAS71,CAS72,CAS75,CAS76","Mistura perfeita do aroma floral da Flor de Cerejeira com fundo levemente cítrico de pamplemousse, nossa conhecida toranja.
O aroma com notas florais e intensas remetem ao romantismo e à doçura, para dar um toque feminino ao ambiente.
Frasco em vidro. Acompanha saquinho em microfibra

","Àgua, àlcool, fragrâncias e conservador",20,7,7,"Casa,Home Sprays",4,"75,00","0,300",https://www.gazin.com.br/images/jpg/produto-default.jpg
CAS78,"Vela Flor de Figo e Sândalo","Vela, Vela Perfumada, Vela Aromatizadora de Ambiente, Aroma para a Casa",",CAS73,CAS74,CAS75,CAS79,CAS80","Traga uma sensação de bem-estar e conforto para o ambiente com as propriedades purificadoras e terapêuticas do sândalo e folhas verdes, que se unem à doçura do figo e da baunilha. De personalidade marcante, um perfume levemente denso e delicado.

Duração 40 horas. Livre de parafinas. Vegana. Eco-Friendly. Cruelty Free. Biodegradável. Copo de vidro reutilizável.

","Blend de ceras naturais 100% livre de parafina;",9,8,8,"Casa,Velas Perfumadas",5,"75,00","0,410",https://www.gazin.com.br/images/jpg/produto-default.jpg
CAS79,"Vela Cereja Negra e Peônia","Vela, Vela Perfumada, Vela Aromatizadora de Ambiente, Aroma para a Casa","CAS73,CAS74,CAS75,CAS78,CAS80","Especial para quem espera um aroma intenso e marcante, resultado de um mix exótico - o aroma adocicado da cereja negra com o floral e delicado da peônea. Sucesso sofisticado e cheio de romance.

Duração 40 horas. Livre de parafinas. Vegana. Eco-Friendly. Cruelty Free. Biodegradável. Copo de vidro reutilizável.


","Blend de ceras naturais 100% livre de parafina;",9,8,8,"Casa,Velas Perfumadas",2,"75,00","0,410",https://www.gazin.com.br/images/jpg/produto-default.jpg
CAS80,"Vela Flor de Cerejeira e Pamplemousse","Vela, Vela Perfumada, Vela Aromatizadora de Ambiente, Aroma para a Casa",",CAS73,CAS74,CAS75,CAS78,CAS79","Uma deliciosa união do aroma floral da Flor de Cerejeira com fundo levemente cítrico de pamplemousse, nossa conhecida toranja.
O aroma com notas florais e intensas remetem ao romantismo e à doçura, para dar um toque feminino ao ambiente.

Duração 40 horas. Livre de parafinas. Vegana. Eco-Friendly. Cruelty Free. Biodegradável. Copo de vidro reutilizável.

","Blend de ceras naturais 100% livre de parafina;",9,8,8,"Casa,Velas Perfumadas",6,"75,00","0,410",https://www.gazin.com.br/images/jpg/produto-default.jpg
CAS81,"Vaso Papier","Vaso, Cerâmica, Vaso em Cerâmica, Vaso Moderno, Vaso Contemporâneo, Cachepot","CAS82,CAS83,CAS84,CAS85,CAS86","O visual de movimento faz esta peça ainda mais especial. Feita em cerâmica fosca, é a chave para dar um belo upgrade na sua estante ou mesa lateral.

","Vaso em cerâmica.",35,14,14,"Casa,Vasos,Novidade",6,"407,00","1,742",https://www.gazin.com.br/images/jpg/produto-default.jpg
CAS82,"Vaso Coluna","Vaso, Cerâmica, Vaso em Cerâmica, Vaso Moderno, Vaso Contemporâneo, Cachepot","CAS81,CAS83,CAS84,CAS85,CAS86","A simplicidade da forma já é incrível por si só, mas também permite possibilidades para brincar com outras peças mais rebuscadas. Versatilidade clássica!  Feito em cerâmica fosca nude.


","Vaso em cerâmica.",20,14,14,"Casa,Vasos,Novidade",2,"144,00","0,879",https://www.gazin.com.br/images/jpg/produto-default.jpg
CAS83,"Vaso Fazenda","Vaso, Cerâmica, Vaso em Cerâmica, Cerâmica Terracota","CAS81,CAS82,CAS84,CAS85,CAS86","Uma peça com personalidade para destacar pontos estratégicos da sala ou da cozinha! Feito em argila terracota fosca.    ","Vaso em cerâmica.",30,26,26,"Casa,Vasos,Novidade",2,"455,00","2,385",https://www.gazin.com.br/images/jpg/produto-default.jpg
CAS84,"Vaso Afro","Vaso, Cerâmica, Vaso em Cerâmica, Cerâmica Terracota","CAS81,CAS82,CAS83,CAS85,CAS86","Uma homenagem à beleza da cultura afro-brasileira, fica lindíssimo como parte de qualquer décor. Feito em argila terracota fosca.


","Vaso em cerâmica.",20,34,34,"Casa,Vasos,Novidade",1,"455,00","2,231",https://www.gazin.com.br/images/jpg/produto-default.jpg
CAS85,"Vaso Quênia","Vaso, Cerâmica, Vaso em Cerâmica, Cerâmica Terracota","CAS81,CAS82,CAS83,CAS84,CAS86","O mix surpreendente de formas dá vida à esta peça confeccionada em argila terracota fosca.


","Vaso em cerâmica.",28,20,20,"Casa,Vasos,Novidade",2,"385,00","1,640",https://www.gazin.com.br/images/jpg/produto-default.jpg
CAS86,"Vaso Granado","Vaso, Cerâmica, Cerâmica Rosa, Vaso Grande","CAS81,CAS82,CAS83,CAS84,CAS85","Inspirado nas construções coloniais, faz um efeito incrível em casa!  

","Vaso em cerâmica.",35,18,18,"Casa,Vasos,Novidade",3,"420,00","1,254",https://www.gazin.com.br/images/jpg/produto-default.jpg
CAS87G,"Bandeja Etnia","Bandeja, Cestaria, Cestaria em Fibra Natural, Centro de Mesa, Fruteira","CAS88,CA89,CAS90,CAS107G,CAS107M","Despretensiosamente chique e super versátil, também pode ser usada como centro de mesa. Confeccionada artesanalmente com fibras naturais. 
","Bandeja em Fibras Naturais.",9,60,34,"Casa,Cestarias,Novidade",2,"75,00","0,851",https://www.gazin.com.br/images/jpg/produto-default.jpg
CAS87M,"Bandeja Etnia","Bandeja, Cestaria, Cestaria em Fibra Naturail,Centro de Mesa, Fruteira","CAS88,CA89,CAS90,CAS107G,CAS107M","Despretensiosamente chique e super versátil, também pode ser usada como centro de mesa. Confeccionada artesanalmente com fibras naturais. 
","Bandeja em Fibras Naturais.",9,56,29,"Casa,Cestarias,Novidade",6,"75,00","0,692",https://www.gazin.com.br/images/jpg/produto-default.jpg
CAS88,"Centro de Mesa Pará","Centro de Mesa, Cestaria, Cestaria em Fibra Natural, Fruteira","CAS87G,CAS87M,CAS89,CAS107G,CAS107M","O artesanato brasileiro comprova toda sua riqueza em peças como esta, que pode e deve ser usada como sua imaginação mandar!   ","Centro de mesa em fibras naturais.",12,37,37,"Casa,Cestarias,Novidade",2,"75,00","0,300",https://www.gazin.com.br/images/jpg/produto-default.jpg
CAS89,"Centro de Mesa Canoa","Centro de Mesa, Cestaria, Cestarias em Fibra Natural, Fruteira","CAS87G,CAS87M,CAS89,CAS107G,CAS107M","Confeccionada à mão por mestres artesãos, esta é uma escolha certeira: fica linda sobre a mesa de jantar, da cozinha e até na de centro. Trama de fibras naturais.


","Centro de mesa em fibras naturais.",9,34,27,"Casa,Cestarias,Novidade",4,"75,00","0,457",https://www.gazin.com.br/images/jpg/produto-default.jpg
CAS90,"Fruteira Ticuna","Fruteira, Cestaria, Cestaria em Fibra Natural","CAS87G,CAS87M,CAS89,CAS107G,CAS107M","O trabalho artesanal do norte do Brasil dá vida a esta peça trabalhada em fibras naturais, que aliás é uma grande tendência de décor!


","Fruteira em fibras naturais.",9,32,32,"Casa,Cestarias,Novidade",4,"75,00","0,414",https://www.gazin.com.br/images/jpg/produto-default.jpg
CAS91,"Descanso para Utensílios Luna","Descanso para Utensílios, Cerâmica, Cerâmica Terracota, Utilitário","CAS92,CAS93,CAS94,CAS95,CAS96","Este descanso de utensílios é ideal para seus momentos de chef! Feito em cerâmica terracota queimada e interior esmaltado.

","Descanso em cerâmica rústica com acabamento interno esmaltado.",3,10,10,"Casa,Descansos para Utensílios,Novidade",5,"55,00","0,300",https://www.gazin.com.br/images/jpg/produto-default.jpg
CAS92,"Cinzeiro Coco","Cinzeiro, Cerâmica, Cerâmica Terracota, Utilitário","CAS91,CAS93,CAS94,CAS95,CAS96","Para quem gosta de estilo na hora de relaxar. Feito em cerâmica terracota queimada e interior esmaltado.

","Cinzeiro em cerâmica rústica com acabamento interno esmaltado.",11,4,11,"Casa,Cinzeiros,Novidade",4,"69,00","0,300",https://www.gazin.com.br/images/jpg/produto-default.jpg
CAS93,"Set de Café Mocca","Sets para Cafe, Xícara, Xícara em Cerâmica, Xícara em Cerâmica Terracota ","CAS91,CAS92,CAS94,CAS95,CAS96","Poucas coisas são tão gostosas quanto um cafezinho, que agora vai ganhar outros ares. Feita em cerâmica terracota queimada e interior esmaltado.
Para 80 ml

","Set de xicaras em cerâmica rústica com acabamento interno esmaltado.",5,7,7,"Casa,Xícaras,Novidade",6,"59,00","0,300",https://www.gazin.com.br/images/jpg/produto-default.jpg
CAS94,"Manteigueira Verano","Mantegueira, Mantegueira em Cerâmica, Mantegueira em Cerâmica Terracota, Utilitário","CAS91,CAS92,CAS93,CAS95,CAS96","Complemente a mesa do café com este item atemporal. Feita em cerâmica terracota queimada e interior esmaltado.
Para tabletes de 200 g

","Mategueira com acabamento em cerâmica rústica com interior com acabamento esmaltado.",5,9,20,"Casa,Manteigueiras,Novidade",4,"189,00","0,405",https://www.gazin.com.br/images/jpg/produto-default.jpg
CAS95,"Quarteto Trevo","Petisqueira, Petisqueira em Cerâmica, Petisqueira em Cerâmica Terracota, Utilitário","CAS91,CAS92,CAS93,CAS95,CAS97","Com esse set lindinho você compartilha aperitivos e o charme de receber bem! Feito em cerâmica terracota queimada e interior esmaltado.

","Set de bowls com acabamento em cerâmica rústica com interior com acabamento esmaltado.",5,21,21,"Casa,Petisqueiras,Novidade",3,"752,00","0,711",https://www.gazin.com.br/images/jpg/produto-default.jpg
CAS96,"Espremedor Cottage","Espremedor de Suco, Espremedor de Suco em Cerâmica, Espremedor de suco em Cerâmica Terracota ","CAS91,CAS92,CAS93,CAS95,CAS97","Comece o dia com estilo e seu suco ultra fresco, espremido na hora! Feito em cerâmica terracota queimada e interior esmaltado.

","Espremedor de suco com acabamento em cerâmica rústica com interior com acabamento esmaltado.",5,22,17,"Casa,Espremedores para Sucos,Novidade",3,"248,00","0,626",https://www.gazin.com.br/images/jpg/produto-default.jpg
CAS97,"Moringa Brisa","Moringa, Moringa em Cerâmica, Moringa em Cerâmica Terracota, Utilitário",",,CAS91,CAS92,CAS93,CAS99,CAS100","Água fresquinha na cabeceira ou na mesa de trabalho: não tem preço! Feita de argila branca queimada e interior com esmalte transparente. 
Para 600 ml.

","Moringa com acabanto em cermica rústica com interior com acabamento esmaltado.",22,10,10,"Casa,Moringas,Novidade",6,"249,00","0,541",https://www.gazin.com.br/images/jpg/produto-default.jpg
CAS98,"Espremedor Marmo","Espremedor de Suco, Espremedor de Suco em Cerâmica, Espremedor de suco em Cerâmica Terracota ","CAS92,CAS96,CAS97,CAS99,CAS100","Comece o dia com estilo e seu suco ultra fresco. Feito em cerâmica terracota queimada e interior esmaltado. Detalhe bacana da estampa? Não existem duas iguais!

","Espremedor de suco com acabamento em cerâmica rústica com interior com acabamento esmaltado.",5,22,17,"Casa,Espremedores para Sucos,Novidade",2,"289,00","0,626",https://www.gazin.com.br/images/jpg/produto-default.jpg
CAS99,"Moringa Mescla","Moringa, Moringa em Cerâmica, Moringa em Cerâmica Terracota, Utilitários",",CAS92,,CAS96,CAS97,CAS98,CAS100","Água fresquinha na cabeceira ou na mesa de trabalho: não tem preço! Feita de argila branca queimada e interior com esmalte. E as estampas são únicas, como a gente adora.
Para 600 ml.


","Moringa com acabanto em cermica rústica com interior com acabamento esmaltado.",22,10,10,"Casa,Moringas,Novidade",2,"329,00","0,541",https://www.gazin.com.br/images/jpg/produto-default.jpg
CAS100,"Cinzeiro Copain","Cinzeiro, Cerâmica, Cerâmica Terracota, Utilitário",",CAS92,CAS96,CAS97,CAS98,CAS99","Para quem gosta de estilo na hora de relaxar. Feito em cerâmica terracota queimada e interior esmaltado, tem a estampa feita à mão. Pessoal e intransferível! 

","Cinzeiro em cerâmica rústica com acabamento interno esmaltado.",4,11,11,"Casa,Cinzeiros,Novidade",2,"69,00","0,300",https://www.gazin.com.br/images/jpg/produto-default.jpg
CAS101,"Abajur Romance","Luminária, Luminária Pequena,  Luminária de Mesa, Luminária de Cabeceira, Luminária Vintage","CAS102,CAS103,CAS104,CAS105,CAS106","Viva o romantismo e praticidade no décor! Com o tamanho perfeito para cantinhos com menos espaço, ele não passa desapercebido. 

Lâmpada de filamento de LED inclusa. 2W. ","Luminária com haste de metal com pintura eletrostática na cor vermelho fosco.Fio Revestido na cor off white. Cúpula em tecido plissado.Base em concreto na cor crua. Lampada de filamento LED 2 W, quente, inclusa.Bivolt.",46,24,24,"Casa,Luminárias,Novidade",2,"623,70","1,346",https://www.gazin.com.br/images/jpg/produto-default.jpg
CAS102,"Abajur Town & Country","Luminária, Luminária Pequena,  Luminária de Mesa, Luminária de Cabeceira, Luminária Vintage","CAS101,CAS103,CAS104,CAS105,CAS106","Uma boa iluminação transforma qualquer ambiente, ainda mais com esta peça delicada e super charmosa. Uma ideia versátil para iluminar qualquer canto da casa!

Lâmpada de filamento de LED inclusa. 2W. ","Luminária com haste de metal com pintura eletrostática na cor vermelho fosco.Fio Revestido na cor off white. Cúpula em tecido plissado.Base em concreto na cor crua. Lampada de filamento LED 2 W, quente, inclusa.Bivolt.",48,24,24,"Casa,Luminárias,Novidade",2,"748,00","1,224",https://www.gazin.com.br/images/jpg/produto-default.jpg
CAS102,"Abajur Caule","Luminária, Luminária Pequena,  Luminária de Mesa, Luminária de Cabeceira, Luminária Vintage","CAS101,CAS102,CAS104,CAS105,CAS106","Simples e sofisticado, esta é uma opção curinga para dar vida especial a qualquer cantinho – da cabeceira à mesa de trabalho!

Lâmpada de filamento de LED inclusa. 2W. ","Luminária com haste de metal com pintura eletrostática na cor vermelho fosco.Fio Revestido na cor off white. Cúpula em tecido plissado.Base em concreto na cor crua. Lampada de filamento LED 2 W, quente, inclusa.Bivolt.",46,15,15,"Casa,Luminárias,Novidade",2,"748,70","1,238",https://www.gazin.com.br/images/jpg/produto-default.jpg
CAS103,"Luminária Miss Daisy","Luminária, Luminária Pequena,  Luminária de Mesa, Luminária de Cabeceira, Luminária Vintage","CAS101,CAS102,CAS103,CAS105,CAS106","Uma versão delicada, feminina e com bossa de sobra, tem uma luz suave e funcional. É ótima pedida como iluminação de leitura para espaços menores e super importantes!

Informações: Cúpula em tecido bordado, haste com pintura eletroestática e base redonda de concreto. Lâmpada de filamento de LED inclusa. 2W. ","Luminária com haste de metal com pintura eletrostática na cor dourada .Fio Revestido na cor off white. Cúpula em tecido bordado estampa floral. Base em concreto na cor crua. Lampada de filamento LED 2 W, quente, inclusa.Bivolt.",40,15,15,"Casa,Luminárias,Novidade",2,"624,00","0,845",https://www.gazin.com.br/images/jpg/produto-default.jpg
CAS104,"Luminária Buquê","Luminária, Luminária Pequena,  Luminária de Mesa, Luminária de Cabeceira, Luminária Vintage","CAS101,CAS102,CAS103,CAS104,CAS106","O look campestre da cúpula é poesia pura. É ótima como lâmpada de leitura para espaços menores e cheios de charme.

Lâmpada de filamento de LED inclusa. 2W. ","Luminária com haste de metal com pintura eletrostática na cor dourada .Fio Revestido na cor off white. Cúpula em tecido bordado estampa floral. Base em concreto na cor crua. Lampada de filamento LED 2 W, quente, inclusa.Bivolt.",40,15,15,"Casa,Luminárias,Novidade",2,"623,70",1,https://www.gazin.com.br/images/jpg/produto-default.jpg
CAS105,"Luminária Retrô","Luminária, Luminária Pequena,  Luminária de Mesa, Luminária de Cabeceira, Luminária Vintage","CAS101,CAS102,CAS103,CAS104,CAS105","Clássic is classic! Por isso esta luminária é um bom exemplo de que um toque retrô faz sucesso em qualquer ambiente.

Com cúpula em vidro e base de alumínio. Lâmpada de filamento de LED inclusa. 2W. 
","Luminária com base redonda em concreto na cor crua. Cúpula em vidro leitoso na cor branca.Plafonnier de alumínio com pintura eletrostática na cor verde.",23,26,26,"Casa,Luminárias,Novidade",2,"938,70",1.318,https://www.gazin.com.br/images/jpg/produto-default.jpg
CAS106G,"Cesto Tucumã","Cestaria, Cesto, Cesto em Fibra Natural","CAS87M,CAS88,CAS89,CAS90,CAS17G","Feito com fibras 100% naturais, é uma sugestão Abbia de um item utilitário e decorativo ao mesmo tempo! ","Cestaria em fibra natural.",37,40,40,"Casa,Cestarias,Novidade",4,"75,00","0,764",https://www.gazin.com.br/images/jpg/produto-default.jpg
CAS106G,"Cesto Tucumã","Cestaria, Cesto, Cesto em Fibra Natural","CAS87G,CAS88,CAS89,CAS90,CAS17P","Feito com fibras 100% naturais, é uma sugestão Abbia de um item utilitário e decorativo ao mesmo tempo! ","Cestaria em fibra natural.",32,36,36,"Casa,Cestarias,Novidade",4,"75,00","0,586",https://www.gazin.com.br/images/jpg/produto-default.jpg
ACE01,"Carteira Mail (preta, pinhão e nude)","Carteira, Carteira em Couro, Design Nacional, Carteira Feminina","ACE02,ACE03,ACE04,ACE05,ACE06","Uma opção bem bacana para levar na bolsa: além de organizar, é um item para quem tem o estilo em alta conta! E vem em uma embalagem linda de linho!


","Carteira em couro natural.",2,24,12,"Acessoríos,Carteiras,Novidade",15,"187,50","0,300",https://abbiacasa.com.br/import-image/ACE01.jpg
ACE02,"Carteira Mini (preta, pinhão e nude)","Carteira, Carteira em Couro, Design Nacional, Carteira Pequena","ACE01,ACE03,ACE04,ACE05,ACE06","Para organizar itens menores, tem o tamanho ideal para ir com você para todo lugar. Vem em uma embalagem linda de linho!


","Carteira em couro natural.",2,12,12,"Acessoríos,Carteiras,Novidade",15,"145,00",30,https://abbiacasa.com.br/import-image/ACE02.jpg
ACE03,"Carteira Wall Street (preta, pinhão e nude)","Carteira, Carteira em Couro, Design Nacional, Carteira Grande","ACE01,ACE02,ACE04,ACE05,ACE06","Para fazer aquela reunião com muito estilo, esta pasta em couro é ideal para levar seu tablet, blocos de anotações e o que mais desejar. Vem em uma embalagem linda de linho!


","Carteira em couro natural.",30,40,2,"Acessoríos,Carteiras,Novidade",14,"347,50","0,300",https://abbiacasa.com.br/import-image/ACE03.jpg
ACE04,"Nécessaire Viaggio","Necessaire, Necessaire em Linho Branco, Design Nacional","ACE01,ACE02,ACE03,ACE05,ACE06","Feito em lona de algodão, este é um queridinho Abbia. Além de ter um acabamento super cool no fundo e nas laterais, é uma maravilha para colocar remédios e outros itens menores.


","Nécessaire em linho puro e detalhes em couro. Fechamento com zíper comum.",20,39,3,"Acessoríos,Nécessaires,Novidade",5,"124,75","0,300",https://www.gazin.com.br/images/jpg/produto-default.jpg
ACE05,"Nécessaire Viaggio ","Necessaire, Necessaire em Linho Branco, Design Nacional","ACE01,ACE02,ACE03,ACE04,ACE06","Feito em lona de algodão, este é um queridinho Abbia. Além de ter um acabamento super cool no fundo e nas laterais, é ótimo para levar com você maquiagem e coisas que quer ter sempre à mão. 



","Nécessaire em linho puro e detalhes em couro. Fechamento com zíper comum.",25,45,3,"Acessoríos,Nécessaires,Novidade",5,"99,75","0,300",https://www.gazin.com.br/images/jpg/produto-default.jpg
ACE06,"Chaveiro Sweetie","Chaveiro, Chaveiro em Couro, Design Nacional","ACE01,ACE02,ACE03,ACE08,ACE25","Colocar um pouco de romance no cotidiano é uma aposta que adoramos. Especialmente nas coisas que estão sempre na mão, como a chave de casa ou do carro. Feito em couro com argola de metal.


","Caveiro em recouro e fecho em metal com acabamento dourado.",8,6,15,"Acessoríos,Chaveiros,Novidade",19,"53,82",10,https://abbiacasa.com.br/import-image/ACE06.jpg
ACE07,"Bolsa Eco","Bolsa, Bolsa em Linho, Bolsa Utilitária, Bolsa Grande","ACE01,ACE02,ACE03,ACE10,ACE11","De lona de algodão, é uma opção cool, ecologicamente correta e totalmente up-to-date para usar no seu dia a dia.

","Bolsa com alças em linho puro com detalhes em couro.",60,54,2,"Acessoríos,Bolsas,Novidade",3,"170,00","0,360",https://www.gazin.com.br/images/jpg/produto-default.jpg
ACE08,"Chaveiro Grand Hotel","Chaveiro, Chaveiro em Couro, Design Nacional","ACE01,ACE02,ACE03,ACE06,ACE21","Super cool e inspirado nos grandes hotéis americanos dos anos 1960.

Feito de polipropileno, com gravação em tinta metálica e argola de metal.


","Chaveiro em polipropileno rosa com letras gravada em dourado. Fecho em metal prata.",12,4,15,"Acessoríos,Chaveiros,Novidade",20,"60,00",18,https://abbiacasa.com.br/import-image/ACE08.jpg
ACE09,"Clutch Seventies","Clutch, Bolsa de Mão, Clutche Colorida, Clutche em Linho, Acessório com Curadoria","ACE01,ACE02,ACE03,ACE10,ACE11","Um saudosismo fashion inspirou esta clutch com pegada dos anos 1970. Cheia de charme e com o tamanho ideal, coloca ainda mais personalidade no seu look. Forro em linho e fecho em acrílico.

","Clutch em madeira com acabamento em linho puro.",20,20,4,"Acessoríos,Clutches,Novidade",2,"75,00","0,390",https://abbiacasa.com.br/import-image/ACE09.jpg
ACE09,"Clutch Seventies","Clutch, Bolsa de Mão, Clutche Colorida, Clutche em Linho, Acessório com Curadoria","ACE01,ACE02,ACE03,ACE10,ACE11","Um saudosismo fashion inspirou esta clutch com pegada dos anos 1970. Cheia de charme e com o tamanho ideal, coloca ainda mais personalidade no seu look. Forro em linho e fecho em acrílico.

","Clutch em madeira com acabamento em linho puro.",20,20,4,"Acessoríos,Clutches,Novidade",2,"75,00","0,390",https://abbiacasa.com.br/import-image/ACE09.jpg
ACE09,"Clutch Seventies","Clutch, Bolsa de Mão, Clutche Colorida, Clutche em Linho, Acessório com Curadoria","ACE01,ACE02,ACE03,ACE10,ACE11","Um saudosismo fashion inspirou esta clutch com pegada dos anos 1970. Cheia de charme e com o tamanho ideal, coloca ainda mais personalidade no seu look. Forro em linho e fecho em acrílico.

","Clutch em madeira com acabamento em linho puro.",20,20,4,"Acessoríos,Clutches,Novidade",1,"75,00","0,390",https://abbiacasa.com.br/import-image/ACE09.jpg
ACE09,"Clutch Seventies","Clutch, Bolsa de Mão, Clutche Colorida, Clutche em Linho, Acessório com Curadoria","ACE01,ACE02,ACE03,ACE10,ACE11","Um saudosismo fashion inspirou esta clutch com pegada dos anos 1970. Cheia de charme e com o tamanho ideal, coloca ainda mais personalidade no seu look. Forro em linho e fecho em acrílico.


","Clutch em madeira com acabamento em linho puro.",20,20,4,"Acessoríos,Acessórios,Novidade",2,"75,00","0,390",https://abbiacasa.com.br/import-image/ACE09.jpg
ACE10,"Bolsa Saint-Tropez","Bolsa, Bolsa em Fibra Natural, Bolsa Grande, Paniers, Bolsa de Praia","ACE01,ACE02,ACE03,ACE09,(AZUL),ACE09,(LARANJA)","Complemente seu look e arrase com esta bolsa de fibras naturais. Chique e ecofriendly, ainda dá um clima de verão europeu para qualquer lugar do mundo.


","Bolsa em fibra natural.",44,53,26,"Acessoríos,Bolsas,Novidade",5,"75,00","0,701",https://www.gazin.com.br/images/jpg/produto-default.jpg
ACE11,"Bolsa Maiorca","Bolsa, Bolsa em Fibra Natural, Bolsa Média, Paniers, Bolsa de Praia","ACE01,ACE02,ACE03,ACE09,(NUDE),ACE09,(VERDE)","Um item tem-que-ter no seu guarda-roupa de verão. Além de serem uma tendência mundial e ecológica, as fibras naturais são ideais para praia, piscina ou aquele almoço de verão.


","Bolsa em fibra natural.",40,39,13,"Acessoríos,Bolsas,Novidade",5,"75,00","0,350",https://www.gazin.com.br/images/jpg/produto-default.jpg
ACE12,"Clutch Maggie","Clutche, Clutche em Pérola, Bolsa de mão ","ACE03,,ACE09,(AZUL),ACE09,(VERDE),ACE09,(NUDE),ACE09,(LARANJA)","Fugir da monotonia é mais do que necessário, é também uma delícia. Esta peça bijoux materializa o balanço perfeito entre a elegância das pérolas com em formato de clutch!


","Clutch em pérolas sintéticas.",20,4,2,"Acessoríos,Bolsas,Novidade",3,"75,00","0,300",https://abbiacasa.com.br/import-image/ACE12.jpg
ACE13,"Colar Marbella","Colar, Colar em Madrepérola, Colar Vintage","ACE14,ACE15,ACE16,ACE17,ACE25","Uma escolha ideal para quem gosta do clássico, mas com personalidade própria. Com contas de madrepérola bijoux, pedraria e contas douradas, é um sucesso garantido, pode apostar!


","Cola em pérolas e pedras sintéticas.",15,15,15,"Acessoríos,Colares,Novidade",2,"75,00",20,https://abbiacasa.com.br/import-image/ACE13.jpg
ACE14,"Brinco Helena","Brinco, Brinco em Madeira e Pedraria, Brinco Clássico","ACE15,ACE16,ACE17,ACE18,ACE19,","Como adoramos as peças versáteis, não é? E esta é uma dessas – pedida classy que permite sair direto do trabalho para um evento à noite! Em madeira e pedraria com lapidação especial, é puro brilho.


","Brinco em madeira e pedra sinética.",4,3,2,"Acessoríos,Brincos,Novidade",2,"75,00",20,https://abbiacasa.com.br/import-image/ACE14.jpg
ACE15,"Brinco Cuore","Brinco, Brinco em Acrílico, Brinco de Design Assinado,Brinco Contemporâneo, Brinco Moderno","ACE16,ACE17,ACE18,ACE19,ACE20","O romance fica no ar com este brinco confeccionado em quartzo rosado e metal dourado. Chique sem esforço! 


","Brinco em resina tranparente rosa com fecho em metal dourado.",5,3,3,"Acessoríos,Brincos,Novidade",2,"310,00","0,300",https://abbiacasa.com.br/import-image/ACE15.jpg
ACE16,"Brinco Blossom","Brinco, Brinco em Resina, Brinco de Design Assinado, Brinco Contemporâneo, Brincos Moderno","ACE17,ACE18,ACE19,ACE20,ACE21","Elegante por natureza, é uma escolha perfeita para adicionar aos seus acessórios preferidos. Confeccionado em metal e resina.


","Brinco em resina pintada com fecho em metal dourado.",6,4,15,"Acessoríos,Brincos,Novidade",2,"230,00","0,300",https://abbiacasa.com.br/import-image/ACE16.jpg
ACE17,"Brinco Oro","Brinco, Brinco em Latão, Brinco de Design Assinado,Brinco Contemporâneos, Brinco Moderno, Brinco Dourado","ACE19,ACE20,ACE21,ACE22,ACE23","Uma peça que adiciona ares contemporâneos ao seu look em qualquer estação.
Confeccionada em latão dourado.


","Brinco em latão.",8,6,3,"Acessoríos,Brincos,Novidade",2,"310,00","0,300",https://abbiacasa.com.br/import-image/ACE17.jpg
ACE18,"Brinco Brasilidades","Brinco, Brinco em Metal e Miçanga, Brinco de Design Assinado, Brinco Contemporâneo, Brinco Moderno","ACE19,ACE20,ACE21,ACE22,ACE23","Uma pegada bem brasileira nesta peça confeccionada em metal e miçangas multicoloridas.


","Brinco em miçangas de plastico coloridas e fecho em metal dourado.",11,3,15,"Acessoríos,Brincos,Novidade",2,"310,00","0,300",https://abbiacasa.com.br/import-image/ACE18.jpg
ACE19,"Brinco Beterraba","Brinco, Brinco em Acrílico, Brinco de Design Assinado, Brincos Contemporâneo, Brincos Moderno","ACE20,ACE21,ACE22,ACE23,ACE24,","Para apostar na irreverência do seu look com a forma e cor super vibrante. 


","
Brinco em resina tranparente vermelha com fecho em metal dourado.
",6,3,3,"Acessoríos,Brincos,Novidade",2,"220,00","0,300",https://abbiacasa.com.br/import-image/ACE19.jpg
ACE20,"Brinco Cartago","Brinco, Brinco em Metal, Brinco de Design Assinado, Brincos Contemporâneo, Brinco Moderno, Brinco Dourado","ACE21,ACE22,ACE23,ACE24,ACE24","Um mix de texturas pra lá de chique produzida em metal.


","Brinco em metal dourado.",4,3,3,"Acessoríos,Brincos,Novidade",2,"222,00","0,300",https://abbiacasa.com.br/import-image/ACE20.jpg
ACE21,"Bracelete Beats","Bracelete, Bracelete em Metal, Bracelete Moderno, Bracelete Contemporâneo","ACE20,ACE22,ACE23,ACE24,ACE24,","Jovialidade é a palavra da vez nesta peça em metal e corações esmaltados. 


","Pulseira em Metal dourado.",4,6,6,"Acessoríos,Braceletes,Novidade",2,"298,00","0,300",https://abbiacasa.com.br/import-image/ACE21.jpg
ACE22,"Brinco Roma","Brinco, Brinco em Metal, Brinco de Design Assinado, Brinco Contemporâneo, Brinco Moderno, Brincos Dourado","ACE17,ACE20,ACE22,ACE23,ACE24,","Além de linda, esta peça é super levinha e versátil: a base é removível e pode ser usada separadamente.
","Brinco em latão.",9,3,3,"Acessoríos,Brincos,Novidade",2,"297,00","0,300",https://abbiacasa.com.br/import-image/ACE22.jpg
ACE23,"Brinco Nour","Brinco, Brinco em Metal, Brinco de Design Assinado, Brinco Contemporâneo, Brinco Moderno, Brinco Dourado","ACE17,AC21,ACE22,ACE23,ACE24,","Um clássico atemporal confeccionado em latão dourado. 


","Brinco em latão.",5,5,2,"Acessoríos,Brincos,Novidade",1,"320,00","0,300",https://abbiacasa.com.br/import-image/ACE23.jpg
ACE24,"Brinco Pimentão","Brinco, Brinco em Resina, Brinco de Design Assinado, Brinco Contemporâneo, Brinco Moderno","ACE15,ACE19,ACE21,ACE22,ACE23,,","Para brincar e arrematar seu look com um detalhe divertido! 


","Brico em resina fosca verde e fecho em metal dourado.",4,3,3,"Acessoríos,Brincos,Novidade",2,"295,00","0,300",https://abbiacasa.com.br/import-image/ACE24.jpg
ACE25,"Gargantilha Letras","Corrente em Metal dourado, Corrente com Metal Banhado a Ouro, Corrente com Pingente","ACE13,ACE21,ACE22,ACE23,ACE24","Peça tão delicada que fica bem com tudo. Aliás, é também uma sugestão de presente super fofa!
Confeccionada à mão com pérola, medalha com banho de ouro 18 quilates e detalhe em ródio.
","Colar em metal com acabamento dourado.",15,15,15,"Acessoríos,Colares,Novidade",42,"180,00",3,https://www.gazin.com.br/images/jpg/produto-default.jpg
